Tanggal,Tn,Tx,Tavg,RH_avg,RR,ff_avg
2018-01-01,25,33.2,28.6,78,46.4,1
2018-01-02,26,33.6,29.8,69,0,1
2018-01-03,27,31.2,28.4,77,0,1
2018-01-04,26,33.8,29.3,75,1,1
2018-01-05,27,30.8,28.9,68,0.5,3
2018-01-06,26,32.8,28.9,69,0,3
2018-01-07,26,30.4,28.8,75,8888,1
2018-01-08,27,32.2,28.6,74,0,2
2018-01-09,27,30.6,28.4,76,0,2
2018-01-10,25,31.6,28.3,73,8888,2
2018-01-11,25,32.4,28.4,72,0,2
2018-01-12,26,30.6,28.1,73,8888,3
2018-01-13,27,31,29.1,65,0,2
2018-01-14,24,29.8,26.2,83,14.3,2
2018-01-15,23,30,25.8,85,14.5,1
2018-01-16,24,30.8,27.4,72,21.8,2
2018-01-17,25,30.2,27.7,76,8888,2
2018-01-18,25,27.6,25.5,91,8888,1
2018-01-19,24,29.2,26.3,82,44.7,3
2018-01-20,24,31.2,26.8,81,3.2,2
2018-01-21,25,32,28.1,76,8.2,3
2018-01-22,25,29,26.8,81,1,2
2018-01-23,25,31,27.7,79,5.9,2
2018-01-24,26,30.2,27.3,82,6.3,2
2018-01-25,24,30.6,27,74,22.2,3
2018-01-26,25,31.4,28.6,70,0,2
2018-01-27,24,30.4,27.8,75,4.5,2
2018-01-28,25,29.4,26.5,81,2.4,2
2018-01-29,24,31,26.8,80,4,2
2018-01-30,25,30.8,27.4,80,11,2
2018-01-31,25,31.6,27.7,79,3.5,2
2018-02-01,25,31,27.4,82,2.5,1
2018-02-02,26,32.4,28.6,76,2.5,1
2018-02-03,24,30,27.4,78,50.7,1
2018-02-04,24,29.8,27.3,86,33,2
2018-02-05,24,28.8,25.9,85,66,1
2018-02-06,23,28.6,26,87,44,2
2018-02-07,24,29,26,85,12.1,1
2018-02-08,25,29.8,26.9,84,5,2
2018-02-09,25,29.2,26.6,86,8.3,2
2018-02-10,25,30,27.3,77,5.4,2
2018-02-11,25,30,27.2,83,0,2
2018-02-12,24,29.4,27.2,81,18.6,3
2018-02-13,25,30,27.9,76,7,2
2018-02-14,26,29.8,27.2,82,8888,1
2018-02-15,26,26.6,25.6,89,3.2,1
2018-02-16,24,31,27.2,83,104.6,2
2018-02-17,25,29.8,27.1,81,0,2
2018-02-18,25,31.4,27.3,79,2.8,2
2018-02-19,25,31,27.1,90,1,1
2018-02-20,25,31,27.6,83,2,1
2018-02-21,25,31.4,27.5,82,1.2,1
2018-02-22,26,29,27.3,84,1.2,1
2018-02-23,26,30,27.7,80,0,2
2018-02-24,25,30.8,27.6,79,0,2
2018-02-25,25,30.4,27.5,83,5,2
2018-02-26,25,29.6,27,84,19.1,2
2018-02-27,25,31.2,27.7,83,32.2,2
2018-02-28,0,30.4,27,84,3.8,1
2018-03-01,26,30.6,27.6,86,2.4,1
2018-03-02,25,31.6,27.8,81,0.2,1
2018-03-03,25,31,28.7,84,0,2
2018-03-04,25,31.4,28.3,80,4.5,1
2018-03-05,25,30.8,27.4,80,3,2
2018-03-06,25,30,27.8,83,0,1
2018-03-07,26,32.8,27.9,80,5.5,2
2018-03-08,25,31,27.7,82,8,1
2018-03-09,26,30.8,28.1,80,0.4,2
2018-03-10,25,30.4,27.9,82,26.2,1
2018-03-11,26,31.8,28,84,1.6,2
2018-03-12,26,30,27.9,81,16.4,2
2018-03-13,26,29.6,27.5,79,8888,2
2018-03-14,27,30.8,28.4,76,0,1
2018-03-15,26,32.8,28.8,79,1,1
2018-03-16,25,31.6,28.6,77,0,1
2018-03-17,26,29.4,26.3,88,8888,1
2018-03-18,24,31.6,27.3,81,36.6,1
2018-03-19,24,31.6,27.8,81,51,2
2018-03-20,25,32.4,27.3,83,2,1
2018-03-21,26,29.6,27.6,75,1.2,2
2018-03-22,26,30.4,27.3,80,0,1
2018-03-23,25,30.6,27.6,80,8.4,1
2018-03-24,26,30,27.4,79,0,2
2018-03-25,24,33.6,28.2,74,8888,1
2018-03-26,25,32.4,28.1,80,8.6,2
2018-03-27,26,32.2,27.1,82,0,1
2018-03-28,24,31.6,27.9,75,13.4,2
2018-03-29,25,33.4,28,76,8888,2
2018-03-30,25,33,28.8,73,11.6,2
2018-03-31,26,34.2,29.9,71,0,2
2018-04-01,27,32.6,29.6,74,0,1
2018-04-02,26,32,28.6,76,0,1
2018-04-03,25,32,28,81,4,1
2018-04-04,24,33,27.5,79,52.3,1
2018-04-05,24,32.2,28.9,77,0,2
2018-04-06,25,33.2,28.4,81,1,1
2018-04-07,26,33.6,29.6,74,0,2
2018-04-08,26,32.2,28,78,7.5,2
2018-04-09,24,31.2,27.5,82,3.6,1
2018-04-10,25,33.6,29.3,73,0,1
2018-04-11,27,33.6,29.7,73,0,1
2018-04-12,27,33.4,29.7,74,0,2
2018-04-13,27,34.4,30.1,76,0,2
2018-04-14,27,32.8,29.6,79,8888,1
2018-04-15,27,32.2,29.6,76,8888,1
2018-04-16,27,32.4,29.3,74,0,1
2018-04-17,27,30.8,28.6,79,0,1
2018-04-18,27,31.8,28.6,79,9,1
2018-04-19,27,31.4,29.1,77,0,1
2018-04-20,27,32.4,28.8,79,4.1,1
2018-04-21,27,32,29.1,77,0,1
2018-04-22,27,32.6,29.4,74,0,1
2018-04-23,26,28.4,26.6,91,10.2,0
2018-04-24,25,30,27.2,87,18.3,1
2018-04-25,26,28,26.1,91,1.5,1
2018-04-26,25,29.4,26.5,89,15.8,1
2018-04-27,25,32.4,28.7,77,1.9,1
2018-04-28,26,34.4,29.3,75,1.4,1
2018-04-29,26,32.4,28.8,81,28.5,1
2018-04-30,26,34.2,28.7,74,0,2
2018-05-01,26,32.6,29.1,72,0,2
2018-05-02,26,33,28.9,72,0,1
2018-05-03,25,32.2,28.5,76,0,1
2018-05-04,26,33.4,29.4,73,7.8,1
2018-05-05,27,34,29.8,72,0,1
2018-05-06,27,34.2,30.1,70,0,1
2018-05-07,25,34.4,30,67,0,2
2018-05-08,27,34.2,29.7,71,0,2
2018-05-09,27,34.4,30.2,69,0,1
2018-05-10,27,34.2,30.1,66,0,2
2018-05-11,26,34,29.6,69,0,2
2018-05-12,26,33.8,29.1,70,0,1
2018-05-13,27,34.4,30.2,70,0,1
2018-05-14,28,34.4,30.5,67,0,1
2018-05-15,26,34.2,29.3,74,0,1
2018-05-16,27,34,30.1,73,0,1
2018-05-17,28,32,29.2,76,0,0
2018-05-18,27,33.8,29.5,75,0,1
2018-05-19,26,32,28.6,78,0,2
2018-05-20,27,32.4,29.1,75,0,1
2018-05-21,27,32.8,29.3,75,0,1
2018-05-22,27,34.6,29.9,73,0,1
2018-05-23,26,31.8,28.2,81,1.5,1
2018-05-24,26,33.4,28.9,77,5.5,1
2018-05-25,26,31,28.1,82,0.7,1
2018-05-26,26,34.4,29.5,79,1,1
2018-05-27,27,33,29.3,73,0,1
2018-05-28,27,32.6,29.3,78,0,1
2018-05-29,27,33.4,29.2,76,0,2
2018-05-30,27,33,29.3,74,0,1
2018-05-31,26,32.8,29.4,76,0,1
2018-06-01,27,35,29.7,66,0.5,1
2018-06-02,27,33.2,29.5,73,0,1
2018-06-03,27,33.4,29.5,76,0,1
2018-06-04,26,33,29,78,0,1
2018-06-05,27,32.4,29.1,81,0,1
2018-06-06,27,32,29.4,80,0,1
2018-06-07,28,32.4,29.4,79,0,1
2018-06-08,26,32.8,29.2,78,0,1
2018-06-09,27,34.4,29.2,78,0,1
2018-06-10,27,32.4,29.4,76,0,1
2018-06-11,27,34.8,30.5,69,0,1
2018-06-12,26,33.2,28.8,79,0,1
2018-06-13,26,33.6,29,74,1,1
2018-06-14,26,33.8,29.4,70,0,1
2018-06-15,27,33.8,29.5,69,0,1
2018-06-16,26,34.2,29.3,74,0,1
2018-06-17,27,34.2,29.9,69,0,2
2018-06-18,27,33.4,29.9,68,0,1
2018-06-19,25,33.8,28.6,70,0,1
2018-06-20,26,34.8,29.9,70,0,2
2018-06-21,27,33.4,29.4,70,0,2
2018-06-22,27,32.6,29,76,0,2
2018-06-23,27,33.4,29.5,72,0,1
2018-06-24,26,31.8,28,77,0,1
2018-06-25,24,29,24.9,89,3.2,0
2018-06-26,24,29.8,26.2,80,6.7,1
2018-06-27,25,32.8,27.8,78,1.1,1
2018-06-28,25,30.6,27.2,82,0,1
2018-06-29,25,31.8,27.6,79,0,2
2018-06-30,26,31.8,28.4,75,0,1
2018-07-01,25,31.6,28,76,0,1
2018-07-02,25,32.6,28.1,75,0,1
2018-07-03,26,32.4,28.3,75,0,1
2018-07-04,26,32,28.3,71,0,1
2018-07-05,26,32.8,28.4,66,0,1
2018-07-06,24,33.4,28.1,54,0,1
2018-07-07,24,32,27.3,64,0,1
2018-07-08,24,34.2,28.4,69,0,1
2018-07-09,25,33,28.4,72,0,1
2018-07-10,26,32.2,28.8,72,0,1
2018-07-11,27,31.4,28.6,72,0,1
2018-07-12,26,32.2,28,67,0,0
2018-07-13,25,31.4,27.4,69,0,1
2018-07-14,25,31.4,28.1,76,0,1
2018-07-15,25,31.4,27.9,65,0,1
2018-07-16,25,31.8,27.7,65,0,1
2018-07-17,24,32.4,27.7,69,0,1
2018-07-18,24,31.4,27.9,72,0,1
2018-07-19,25,32,28.4,75,0,1
2018-07-20,26,33.4,28.7,74,0,2
2018-07-21,26,32.2,29.2,71,0,1
2018-07-22,27,33.8,29.1,72,0,2
2018-07-23,25,32.8,28.8,70,0,2
2018-07-24,26,32.4,28.9,75,0,1
2018-07-25,27,33.2,28.7,76,0,1
2018-07-26,25,32.2,28.4,78,14.5,1
2018-07-27,25,33.8,28.7,69,0,1
2018-07-28,25,32.8,27.8,66,0,1
2018-07-29,25,30.4,27.4,71,0,1
2018-07-30,24,31.4,27.2,75,0,2
2018-07-31,24,33.2,27.8,75,0,1
2018-08-01,25,31.8,27.9,76,0,0
2018-08-02,25,32.6,27.9,66,0,1
2018-08-03,24,32.6,27.6,66,0,2
2018-08-04,23,31,26.9,66,0,1
2018-08-05,24,32.2,27.2,64,0,2
2018-08-06,24,31.8,27.1,62,0,1
2018-08-07,24,31.8,28.4,65,0,1
2018-08-08,25,30.8,27.5,72,0,1
2018-08-09,25,32,28.3,71,0,2
2018-08-10,25,32.8,28.2,72,0,2
2018-08-11,24,31.8,27.3,77,32.8,1
2018-08-12,25,30.8,28.1,76,0,1
2018-08-13,26,32.8,29.7,69,0,1
2018-08-14,26,33,28.1,76,0,1
2018-08-15,25,32.6,28.6,73,0,1
2018-08-16,26,31.8,28,72,0,1
2018-08-17,26,31,27.7,71,0,1
2018-08-18,25,30,27.1,65,0,1
2018-08-19,24,33.8,27.8,67,0,1
2018-08-20,25,34,29,66,0,1
2018-08-21,25,31.8,28.2,73,0,1
2018-08-22,26,31.6,28.4,72,0,1
2018-08-23,26,31.2,28.3,73,0,1
2018-08-24,26,32.2,28.6,73,0,1
2018-08-25,27,33,28.9,67,0,1
2018-08-26,25,33.4,28.8,69,0,2
2018-08-27,26,34.2,29.1,68,0,1
2018-08-28,26,32,28.6,75,0,2
2018-08-29,27,33,28.5,71,0,1
2018-08-30,27,33.4,29.1,70,0,1
2018-08-31,26,33.6,28.8,70,0,1
2018-09-01,24,32.8,27.6,77,10.6,2
2018-09-02,25,32.2,27.5,80,8888,1
2018-09-03,24,31.8,27.8,79,17.6,2
2018-09-04,26,31.2,27.9,65,0,1
2018-09-05,26,31.8,28.5,65,0,1
2018-09-06,26,34.2,29.8,67,0,1
2018-09-07,26,34.6,29.3,68,0,1
2018-09-08,26,32.4,28.8,72,0,1
2018-09-09,26,34.6,29.6,62,0,1
2018-09-10,26,35.2,30,60,0,1
2018-09-11,26,34.8,29.2,68,0,2
2018-09-12,25,32.8,29,68,0,1
2018-09-13,26,32.2,28.1,69,0,1
2018-09-14,25,31.4,28.1,66,0,1
2018-09-15,26,33.2,28.9,65,0,1
2018-09-16,26,34.2,29,63,0,2
2018-09-17,25,35.4,29.4,59,0,2
2018-09-18,25,34.8,30,60,0,2
2018-09-19,27,31.6,29,69,0,1
2018-09-20,27,33.4,29.3,67,8888,1
2018-09-21,25,29.2,27.2,79,8888,1
2018-09-22,25,33.6,28.4,73,36.6,1
2018-09-23,26,32.4,29,70,0,2
2018-09-24,25,32,28.5,71,0,1
2018-09-25,26,31.6,28.6,69,0,2
2018-09-26,26,33.2,29.1,65,0,2
2018-09-27,26,32.6,28.6,71,0,2
2018-09-28,25,35.4,28.8,69,8888,1
2018-09-29,25,33.5,28.6,67,0,1
2018-09-30,26,32,29.2,68,0,1
2018-10-01,27,33,29.3,71,0,2
2018-10-02,27,32,29,73,0,1
2018-10-03,26,32.4,29.4,72,0,2
2018-10-04,26,33.4,29.5,75,0,2
2018-10-05,27,34.4,30.8,67,0,2
2018-10-06,27,33.4,29.5,71,0,1
2018-10-07,27,35.4,30.1,63,0,1
2018-10-08,27,34.8,29.8,63,0,1
2018-10-09,26,35.2,30.5,58,0,2
2018-10-10,27,33,29.6,67,0,1
2018-10-11,27,32.8,30.1,68,0,1
2018-10-12,28,32.8,29.6,73,0,1
2018-10-13,27,33,29.9,67,0,1
2018-10-14,26,33.4,29.2,73,0,1
2018-10-15,27,33.6,30,71,0,1
2018-10-16,27,32,29.4,74,0,1
2018-10-17,27,33.6,29.5,73,0,1
2018-10-18,27,33.4,29.2,69,0,1
2018-10-19,25,33.2,28.8,71,14.3,1
2018-10-20,26,32.8,29.5,72,0,1
2018-10-21,27,34.6,30.2,68,0,1
2018-10-22,27,33,29.9,71,0,1
2018-10-23,24,32.8,27,83,26.8,1
2018-10-24,25,33.6,29.4,73,0.5,1
2018-10-25,26,33.2,29.6,73,0,1
2018-10-26,27,32.6,29.9,74,0,1
2018-10-27,26,32.6,29.1,74,2.5,1
2018-10-28,26,32.6,29.1,76,2.2,2
2018-10-29,25,32.2,28.6,80,94.5,1
2018-10-30,26,32.2,28.7,79,18.8,1
2018-10-31,27,34,29.7,71,0,1
2018-11-01,27,32.4,29.4,71,0,1
2018-11-02,25,32.6,28.9,76,20,1
2018-11-03,26,32.8,28.7,75,0,2
2018-11-04,25,31.4,28.8,76,0,1
2018-11-05,27,32,29.4,75,0,1
2018-11-06,27,33.2,29.7,69,0,1
2018-11-07,26,32.6,29,77,0,1
2018-11-08,27,31.4,28.4,80,0.5,1
2018-11-09,26,30.8,27.8,84,1.2,1
2018-11-10,26,32.4,28.5,76,8.5,1
2018-11-11,26,31,28.4,79,0,1
2018-11-12,26,32.6,28.9,77,8888,1
2018-11-13,27,33.2,29.1,74,0,1
2018-11-14,25,33.6,29.3,70,0,2
2018-11-15,27,36.6,29.9,65,0,2
2018-11-16,26,34,30.5,71,9.4,1
2018-11-17,28,33.8,30.4,67,0,1
2018-11-18,27,32.6,29.8,69,0,1
2018-11-19,26,32.4,29.6,72,0,1
2018-11-20,27,32.4,29.3,73,0,1
2018-11-21,27,33,29.8,70,0,1
2018-11-22,26,35,28.7,78,0,1
2018-11-23,26,32.8,27.8,82,47,1
2018-11-24,25,32,28.2,80,12,1
2018-11-25,26,31.6,28.6,77,0,1
2018-11-26,27,30,27.6,81,0,1
2018-11-27,24,32,28.2,79,13.2,1
2018-11-28,26,32.6,28.9,80,22,2
2018-11-29,26,31.6,27.9,81,0,1
2018-11-30,25,32,27.5,82,7.1,1
2018-12-01,25,31.2,28.6,80,8888,0
2018-12-02,27,31.6,29.1,74,0,1
2018-12-03,27,31,27.5,85,8888,0
2018-12-04,26,30.8,27.8,81,11.4,1
2018-12-05,25,33.2,28.2,82,2,1
2018-12-06,26,31.4,28.1,78,1,1
2018-12-07,26,32.4,28.9,75,4,1
2018-12-08,26,32.6,29.3,77,0,1
2018-12-09,27,31.6,29,79,8888,1
2018-12-10,27,31.6,28.5,79,0,1
2018-12-11,27,33.4,29.1,75,0,1
2018-12-12,27,33.6,28.4,78,0,1
2018-12-13,25,34.2,29.4,75,0.8,1
2018-12-14,26,34.2,29.3,70,8888,2
2018-12-15,26,32,28.5,73,6,2
2018-12-16,27,34.6,29.6,67,0,2
2018-12-17,27,35.4,30.2,67,0,2
2018-12-18,27,33.4,29.1,73,0,1
2018-12-19,26,33.6,28.4,78,23.4,2
2018-12-20,25,34.2,29.7,69,0,2
2018-12-21,27,32.4,29,66,0,2
2018-12-22,27,30,28.6,77,0,1
2018-12-23,26,30.6,27.3,78,0,2
2018-12-24,26,32.4,29,70,0,2
2018-12-25,24,31.6,27.1,81,0,3
2018-12-26,25,30,26.7,82,2.7,2
2018-12-27,25,33,28.8,71,1,3
2018-12-28,26,34,29.3,67,0,3
2018-12-29,26,34,29.5,72,0,4
2018-12-30,26,34.4,30.2,69,0,4
2018-12-31,27,32.8,28.8,71,0,3
2019-01-01,24,30.6,26,84,8.5,2
2019-01-02,24.2,33,28.3,75,2.3,2
2019-01-03,24.6,33.4,28.3,74,0.4,2
2019-01-04,24.8,34,29.3,67,0,3
2019-01-05,26.4,33.4,28.9,71,0,1
2019-01-06,26.6,32.6,29.4,72,8888,1
2019-01-07,27.4,33.4,29.7,77,0,2
2019-01-08,25,32,28.2,80,9.6,2
2019-01-09,26,32.4,28.9,80,3,2
2019-01-10,24,32.4,27.7,83,70.4,1
2019-01-11,25,31.6,29,79,2,1
2019-01-12,23.6,32,28.6,80,17,2
2019-01-13,25,32.2,28.1,81,3,1
2019-01-14,23,29.8,27.4,78,5.2,1
2019-01-15,26,32,28.5,79,1.6,2
2019-01-16,26.2,29.4,27.9,81,0,1
2019-01-17,26,32,28.3,78,2.3,2
2019-01-18,26,31.4,28,78,0,2
2019-01-19,24.6,30.6,27.5,81,17.6,1
2019-01-20,25.8,30.8,28.3,78,1.5,2
2019-01-21,26,30.4,27.6,84,3,1
2019-01-22,24.6,29.3,26.1,89,5.6,1
2019-01-23,24,31.6,27.5,80,26.9,1
2019-01-24,24.6,31,27.5,82,7,3
2019-01-25,24,29.4,26.3,87,45.1,1
2019-01-26,24.6,30.4,27.9,83,36.6,2
2019-01-27,24.6,28.8,27.4,86,11,1
2019-01-28,25.8,30.4,28.1,80,14,2
2019-01-29,23.8,30.4,27.8,80,1.4,1
2019-01-30,23.8,31,27.3,86,86.6,1
2019-01-31,25,31,26.8,86,0.6,2
2019-02-01,25,31,27,83,8.1,1
2019-02-02,24,30.8,27.9,80,2.2,2
2019-02-03,25.8,31.4,28,83,0,1
2019-02-04,26.6,31.6,28.5,80,14,2
2019-02-05,25.2,31.8,28.5,80,0,1
2019-02-06,26.2,31,27.4,84,4.5,1
2019-02-07,24,31.8,29.2,77,4.2,1
2019-02-08,26.2,31.6,28.4,83,0,2
2019-02-09,26.4,32.6,28.8,74,0,1
2019-02-10,25,32.6,27.9,82,0,2
2019-02-11,25,31.6,26.8,83,20.1,1
2019-02-12,25.6,29.8,27.8,82,14.5,2
2019-02-13,25.6,31.6,28.4,78,49,1
2019-02-14,24.6,31.8,28.7,76,0,1
2019-02-15,25.6,30.2,28.2,79,0,1
2019-02-16,25.5,30.6,27.6,84,20.5,1
2019-02-17,24.6,30.8,27.5,80,45,1
2019-02-18,24.8,32.2,29,76,8888,2
2019-02-19,27,33,29.3,76,8888,1
2019-02-20,26.6,31,28.1,84,24,1
2019-02-21,26,31.4,27.6,86,21.7,1
2019-02-22,25.6,31,27.8,80,10.4,2
2019-02-23,24,31.5,27.8,82,27,2
2019-02-24,25.8,32,28.4,77,2.4,2
2019-02-25,25,32.4,29.2,76,0,2
2019-02-26,26.4,34,29.7,76,0,2
2019-02-27,26,33.6,29.1,83,0,1
2019-02-28,26.6,32.6,29.1,82,2.5,1
2019-03-01,26.8,31,28.3,80,1,2
2019-03-02,23.8,31.8,28.5,78,0.9,2
2019-03-03,25,30,27.1,86,3.5,1
2019-03-04,24.2,32,28,82,34.5,2
2019-03-05,24,31.6,27.5,82,75.6,1
2019-03-06,24.6,29,25.7,88,90.5,1
2019-03-07,24,30.4,27.2,78,5.4,1
2019-03-08,25,32,28.6,79,0,2
2019-03-09,24.4,31.8,27.5,81,22,2
2019-03-10,25,32,28.4,77,0,1
2019-03-11,26.2,31.8,28.1,78,0.4,2
2019-03-12,25,30,27.1,84,4.1,2
2019-03-13,24.8,32,28,79,6.8,1
2019-03-14,24,32.4,27.9,73,28,1
2019-03-15,24.6,32.8,28.7,78,0,2
2019-03-16,25,32.2,28.6,74,0.5,2
2019-03-17,26.2,31.8,27.8,78,0,2
2019-03-18,25.4,32.8,28,76,7.8,1
2019-03-19,25.8,30.4,27.7,78,2.8,2
2019-03-20,25,31.6,28.3,77,0,3
2019-03-21,26.2,32.2,28.4,76,0,2
2019-03-22,26.8,32.8,29.2,74,0,2
2019-03-23,27,33.8,29.2,76,3.2,2
2019-03-24,25,33.8,29.1,74,1.2,2
2019-03-25,26.4,32.6,27.7,80,0,1
2019-03-26,25.6,33.2,28.8,79,5,2
2019-03-27,25,33,28.2,82,10.5,1
2019-03-28,25,34.8,29.4,74,17,2
2019-03-29,25,33.2,28.7,77,1,2
2019-03-30,25.8,32.6,28.7,79,5,1
2019-03-31,25.8,32.6,28.5,78,0.6,1
2019-04-01,26.6,32.6,28.3,76,8888,2
2019-04-02,25,33,27.7,79,12,2
2019-04-03,25,32.8,28.1,82,8.8,2
2019-04-04,25.2,32.8,29.4,74,5.6,2
2019-04-05,26.8,32.2,28.5,79,8888,2
2019-04-06,26.6,32.4,28.5,80,1.7,1
2019-04-07,25,33.2,28,78,2,1
2019-04-08,24.8,33.2,29.1,82,50.6,2
2019-04-09,25,32.2,28.6,80,3.5,2
2019-04-10,25,32.8,29.5,74,0,1
2019-04-11,26,35.2,30.4,70,0,2
2019-04-12,26,33,29.5,75,0,2
2019-04-13,27,33.2,29.8,75,0,2
2019-04-14,25.8,34,29.6,70,1,1
2019-04-15,26,33,28.8,78,0,2
2019-04-16,25,33.2,28.3,81,6.8,1
2019-04-17,26,32.4,28.9,80,1.8,1
2019-04-18,26.4,34.6,30.7,74,0,2
2019-04-19,26,32,27.9,86,18.2,1
2019-04-20,25,30.8,27.8,83,12.9,1
2019-04-21,25.6,33.8,29.4,80,5.6,2
2019-04-22,27.2,34.8,30.1,69,11,2
2019-04-23,25.2,34.4,30.3,72,0,2
2019-04-24,27.4,30.6,28,84,0,1
2019-04-25,25.4,34.2,29.3,77,22.8,1
2019-04-25,26,33.2,28.3,84,13.2,1
2019-04-27,26.2,30.8,27.9,85,1.8,1
2019-04-28,27,31,28.5,82,0,1
2019-04-29,26.4,31.4,28.9,81,5.5,1
2019-04-30,26.4,31.6,28.2,83,9.8,1
2019-05-01,26,31.4,28.6,76,24.5,3
2019-05-02,25.6,34.4,29.6,72,0,2
2019-05-03,26.4,32.4,29.2,78,0,1
2019-05-04,27,32.6,29.5,79,8888,2
2019-05-05,26,32.6,29.1,80,8,2
2019-05-06,27,32,29,78,8888,1
2019-05-07,26,33.2,29.4,77,0,1
2019-05-08,27,33.4,29,77,0,1
2019-05-09,26,33.2,28.8,78,0,2
2019-05-10,26,31.8,28.4,78,8,1
2019-05-11,26,33,29.4,81,3.8,1
2019-05-12,27,34.2,29.9,76,0,1
2019-05-13,27,34.2,30,72,0,1
2019-05-14,28,34.8,30.3,72,0,2
2019-05-15,26,34.4,30.4,74,0,2
2019-05-16,25,32.8,29.1,77,0,1
2019-05-17,26,32.4,28.7,80,1.2,1
2019-05-18,26,32.4,29.1,77,2.3,1
2019-05-19,27,33.4,29.6,70,0,2
2019-05-20,27,34.4,30.3,72,0,2
2019-05-21,28,34.2,30.3,71,0,1
2019-05-22,27,33.8,29.8,69,0,2
2019-05-23,27,35,30.5,68,0,2
2019-05-24,27,34.6,30.2,66,0,1
2019-05-25,27,34,29.6,71,0,1
2019-05-26,27,33.8,29.8,70,0,1
2019-05-27,27,34.8,30.6,69,0,2
2019-05-28,27,34.4,30.3,68,0,2
2019-05-29,28,34.4,30.1,72,0,2
2019-05-30,27,33.8,29.5,73,0,1
2019-05-31,26,34.8,30.6,66,0,1
2019-06-01,27,33.2,29.4,72,0,1
2019-06-02,27,32.6,29.5,74,0,2
2019-06-03,27,32.8,28.6,71,0,1
2019-06-04,26,33.6,29.6,71,0,2
2019-06-05,26,34.2,29.5,74,0,1
2019-06-06,27,34,30,75,0,2
2019-06-07,27,32.4,29.3,73,0,1
2019-06-08,24,33.2,29.1,79,18.1,2
2019-06-09,25,32.8,29.1,76,0,1
2019-06-10,26,33.6,29.1,70,0,1
2019-06-11,26,33.8,29.7,74,0,1
2019-06-12,27,33.4,29.7,74,0,1
2019-06-13,28,32.4,29.8,75,0,1
2019-06-14,26,31.6,28.6,78,0,1
2019-06-15,26,32.4,29.2,77,5,1
2019-06-16,27,33.6,29.5,74,0,2
2019-06-17,25,33.2,29.3,72,0,1
2019-06-18,25,33.4,28.8,70,0,1
2019-06-19,25,34.4,29.5,72,0,1
2019-06-20,27,34.4,29.6,66,0,1
2019-06-21,26,33.2,28.6,72,0,1
2019-06-22,26,32.2,28.5,71,0,1
2019-06-23,26,32.4,28.9,72,0,2
2019-06-24,25,33.4,29.2,69,0,1
2019-06-25,25,34.2,29.1,67,0,2
2019-06-26,26,33.6,29.1,67,0,1
2019-06-27,25,33.2,28.4,72,0,1
2019-06-28,26,33.4,29.1,69,0,1
2019-06-29,25,33.4,28.7,66,0,1
2019-06-30,26,33.6,28.8,65,0,1
2019-07-01,26,33.4,28.7,70,0,1
2019-07-02,25,33,28.7,68,0,1
2019-07-03,26,33.4,28.8,72,0,1
2019-07-04,26,32.4,29,75,0,1
2019-07-05,25,33,29.5,70,0,1
2019-07-06,25,33.6,29.3,72,0,1
2019-07-07,27,33.2,29.2,72,0,2
2019-07-08,26,33.8,29,72,0,2
2019-07-09,26,33.2,28.7,75,0,1
2019-07-10,25,32.4,27.9,76,0,2
2019-07-11,25,32.8,28.4,68,0,1
2019-07-12,26,33.4,29.4,61,0,1
2019-07-13,26,32.4,28.3,70,0,2
2019-07-14,26,31.4,28.2,68,0,1
2019-07-15,24,31.6,27.4,66,0,1
2019-07-16,25,32.2,28.1,64,0,1
2019-07-17,24,32.4,27.4,64,0,1
2019-07-18,24,33.4,28.1,62,0,1
2019-07-19,25,34,29.9,62,0,1
2019-07-20,27,32.8,29.8,68,0,2
2019-07-21,27,33.4,29.2,68,0,1
2019-07-22,27,32.2,29.3,72,0,1
2019-07-23,26,33.6,29,59,0,2
2019-07-24,26,33,29.3,60,0,1
2019-07-25,25,32.4,28.5,68,0,2
2019-07-26,25,32.6,28.2,70,0,2
2019-07-27,26,32.4,28.2,72,0,1
2019-07-28,25,31.8,28.7,71,0,1
2019-07-29,27,31.4,28.6,74,0,1
2019-07-30,26,32.6,28.5,69,0,1
2019-07-31,25,34,28.8,65,0,1
2019-08-01,25,33.2,28.1,66,0,2
2019-08-02,25,32.4,28.4,70,0,2
2019-08-03,25,32.2,28.3,70,0,1
2019-08-04,25,33.4,28.1,62,0,1
2019-08-05,25,31.8,28,68,0,2
2019-08-06,24,31.2,26.6,60,0,1
2019-08-07,24,33.2,27.8,61,0,1
2019-08-08,25,31.8,27.7,63,0,1
2019-08-09,24,31.8,27.5,72,0,2
2019-08-10,25,32,27.9,70,0,1
2019-08-11,25,32.4,27.9,71,0,2
2019-08-12,26,33.4,28.6,66,0,1
2019-08-13,25,33.4,29,70,0,2
2019-08-14,26,32.4,28.6,73,0,2
2019-08-15,26,32,28.6,74,0,2
2019-08-16,27,32,28.6,71,0,1
2019-08-17,27,32.4,28.9,72,0,2
2019-08-18,25,33.4,28.2,66,0,1
2019-08-19,25,31.6,27.5,70,0,1
2019-08-20,25,32.6,28.3,62,0,1
2019-08-21,26,33.6,29.4,63,0,2
2019-08-22,26,32,28.8,70,0,1
2019-08-23,26,31.4,28.3,72,0,2
2019-08-24,25,31.8,28,69,0,1
2019-08-25,26,31.6,28,68,0,1
2019-08-26,26,32.2,28.4,70,0,2
2019-08-27,26,32,28.6,74,0,1
2019-08-28,27,32.5,28.7,76,0,1
2019-08-29,25,33.6,28.9,70,0,1
2019-08-30,25,33.4,29.2,69,0,2
2019-08-31,25,32.6,27.7,69,0,1
2019-09-01,25,32.5,28.1,72,0,1
2019-09-02,25,32.6,28.3,73,0,2
2019-09-03,26,33.2,29,71,0,1
2019-09-04,25,31.8,28.8,71,0,2
2019-09-05,25,31.8,28.8,72,0,2
2019-09-06,25,32,28,70,0,1
2019-09-07,26,33,28.5,69,0,1
2019-09-08,26,33,28.9,65,0,1
2019-09-09,25,32,28.5,70,0,1
2019-09-10,26,35,29.8,57,8888,2
2019-09-11,25,34.6,28.6,66,0,1
2019-09-12,25,32.8,28.4,62,0,1
2019-09-13,25,32,28.2,64,0,1
2019-09-14,24,31.6,27,67,0,1
2019-09-15,24,32.6,27.9,70,0,1
2019-09-16,26,32.8,28.9,68,0,1
2019-09-17,25,33,29.5,67,0,2
2019-09-18,25,33.4,28.4,78,0,2
2019-09-19,26,33.6,29.6,71,0,2
2019-09-20,26,33.4,28.9,67,0,1
2019-09-21,26,33,29.1,64,0,1
2019-09-22,25,32,28.5,70,0,1
2019-09-23,26,33.2,29,70,0,2
2019-09-24,26,33.8,29.7,66,0,1
2019-09-25,25,32.2,28.8,72,0,2
2019-09-26,27,35,29.9,70,0,1
2019-09-27,27,33.6,29.9,68,0,2
2019-09-28,27,32.4,29.4,71,0,1
2019-09-29,27,32.4,29.1,72,0,1
2019-09-30,27,34,29.6,67,0,1
2019-10-01,26,32.4,28.6,70,0,1
2019-10-02,26,32.8,29.3,70,0,1
2019-10-03,27,32.2,29.3,71,0,2
2019-10-04,27,34.2,29.8,66,0,2
2019-10-05,26,35,29.7,61,0,1
2019-10-06,27,34,29.6,61,0,1
2019-10-07,25,34.2,29.9,59,0,2
2019-10-08,27,32.6,29.3,68,0,2
2019-10-09,26,32.8,29,73,1,1
2019-10-10,25,32.4,28.8,75,0,2
2019-10-11,27,33.6,29.8,66,0,1
2019-10-12,25,32.4,29.4,70,0,2
2019-10-13,26,32.4,29,70,0,2
2019-10-14,27,32.8,29.3,72,0,1
2019-10-15,27,31.8,29.5,70,0,1
2019-10-16,26,32.8,29.4,67,0,1
2019-10-17,26,32.2,29.6,71,0,1
2019-10-18,27,32.2,29.4,71,0,1
2019-10-19,27,33,30,71,0,1
2019-10-20,27,34,29.5,70,0,1
2019-10-21,26,34.8,30.7,65,0,1
2019-10-22,26,34.6,30.3,66,0,1
2019-10-23,27,34,30.4,64,0,1
2019-10-24,27,33.6,29.9,68,0,1
2019-10-25,27,33.8,30.2,71,0,2
2019-10-26,27,33.8,29.5,72,0,2
2019-10-27,27,32,29.3,74,0,1
2019-10-28,27,32.4,29.3,73,0,1
2019-10-29,26,32.6,29.3,73,0,1
2019-10-30,26,33,29.2,70,0,2
2019-10-31,27,32.6,29.7,68,0,2
2019-11-01,27,34.4,28.3,75,0,2
2019-11-02,25,33.4,28.9,68,1,1
2019-11-03,25,32.8,29.1,70,0.2,1
2019-11-04,27,33.8,29.6,68,0,2
2019-11-05,27,33.4,29.7,69,1.6,1
2019-11-06,25,33.6,29.2,74,33,2
2019-11-07,25,33,28.7,69,0,1
2019-11-08,26,32.8,28.8,68,0,2
2019-11-09,26,34.2,29.8,65,0,2
2019-11-10,26,32.8,29.4,72,0,1
2019-11-11,27,33.6,30.1,63,0,1
2019-11-12,26,33,29.9,71,0,1
2019-11-13,27,34.4,30.1,70,8888,1
2019-11-14,28,30.6,28.5,77,0,1
2019-11-15,26,34.6,29.9,70,1,2
2019-11-16,27,34,30.4,66,0,1
2019-11-17,27,33.8,30.3,62,0,1
2019-11-18,25,34.2,29.7,71,0,1
2019-11-19,27,33,29.7,70,0,1
2019-11-20,25,33.4,29.8,70,0,2
2019-11-21,27,32.4,28.8,77,0,2
2019-11-22,27,32.4,29.6,74,0,1
2019-11-23,27,32.6,29.8,73,0,1
2019-11-24,27,33.4,29.9,71,0,1
2019-11-25,27,32.8,29.4,77,1.6,1
2019-11-26,27,32.8,29.9,76,8888,1
2019-11-27,28,32.4,30.1,73,0,2
2019-11-28,27,33.8,30.2,74,0,2
2019-11-29,27,33,29.7,73,1.8,1
2019-11-30,25,32.4,29.2,74,9.9,1
2019-12-01,26,33.8,29.9,76,8.5,1
2019-12-02,27,33.8,30.1,73,8.6,2
2019-12-03,27,33.4,30,72,0,2
2019-12-04,26,33,29.9,76,0,2
2019-12-05,25,32,29.1,78,16.5,2
2019-12-06,27,31,28.7,82,22.5,1
2019-12-07,25,32.4,27.8,81,1.5,2
2019-12-08,26,31.6,28.6,81,8888,2
2019-12-09,27,33,29.4,75,0,2
2019-12-10,27,30.6,28.5,77,0,1
2019-12-11,26,33,28.1,77,0,2
2019-12-12,25,29.6,27.2,83,8888,1
2019-12-13,26,31.8,28.6,78,0.8,2
2019-12-14,26,32,29,73,0,2
2019-12-15,27,32,29.4,74,0,1
2019-12-16,27,31.6,28.8,80,0,1
2019-12-17,25,31.8,26.9,87,4.2,1
2019-12-18,25,33.2,28.8,78,40,1
2019-12-19,26,32.6,28.7,80,0,1
2019-12-20,26,33,29.2,70,0,1
2019-12-21,25,32.2,29.3,72,0,2
2019-12-22,25,32.4,27.5,86,24.5,1
2019-12-23,25,32.8,28.2,82,4.8,2
2019-12-24,25,32.6,28.7,74,16,1
2019-12-25,25,29.8,26.3,92,38,0
2019-12-26,25,31.6,27.9,82,27.4,1
2019-12-27,26,31.6,27.3,85,3,1
2019-12-28,25,30.2,26.9,86,36.5,2
2019-12-29,25,30.2,27.5,84,10.2,1
2019-12-30,25,32.6,28.9,75,0.8,2
2019-12-31,26,31.2,27.6,83,0,2
2020-01-01,25,28.8,26.8,90,145.3,1
2020-01-02,25,30.8,27.6,80,58.8,2
2020-01-03,25.4,31,28.5,77,0,2
2020-01-04,25.6,31.2,28.3,82,2.5,2
2020-01-05,26.8,29.6,27.9,85,0.2,1
2020-01-06,25,30,27,87,18.2,1
2020-01-07,25.2,30,26.9,89,15,1
2020-01-08,25,30.8,28.2,80,2.8,1
2020-01-09,25,31,27.7,85,28.7,2
2020-01-10,24.4,29.2,25.9,90,23.6,1
2020-01-11,24.6,30,26.5,87,20.4,2
2020-01-12,25.2,31.4,27.9,80,4.3,1
2020-01-13,25.4,30.6,27.5,82,1.5,1
2020-01-14,26,32,28.5,80,0.5,3
2020-01-15,25.6,31,27.9,82,33.8,1
2020-01-16,25.6,31,28.2,83,0,2
2020-01-17,26.4,32,28.4,82,8888,2
2020-01-18,24,30.6,27.5,81,78.5,1
2020-01-19,25,32,28.1,78,3.8,1
2020-01-20,25.8,30.4,28.4,83,0,2
2020-01-21,26.4,31.2,28.6,82,2.4,1
2020-01-22,26.8,34.4,29,80,0.3,1
2020-01-23,25.4,33.8,28.3,83,74,1
2020-01-24,26,27.4,26.8,92,7.8,0
2020-01-25,25.8,29.6,27.1,89,123.7,1
2020-01-26,25.8,31.6,28.2,84,7.4,2
2020-01-27,25.8,31.6,28.3,80,12.3,1
2020-01-28,25.8,31.8,29,76,4.2,2
2020-01-29,27.2,32.4,29.5,80,0,3
2020-01-30,24.4,31,27.4,82,22,1
2020-01-31,25,30,28.3,84,0,2
2020-02-01,24.8,27.6,26.1,92,48.5,1
2020-02-02,24.6,30.2,26.8,88,128.9,1
2020-02-03,24.6,29,27,87,16.6,1
2020-02-04,24.8,29,27,86,20.9,2
2020-02-05,26,29.6,27.8,84,0.5,0
2020-02-06,25.4,28.8,26.7,89,6.6,1
2020-02-07,25.8,29.8,26.6,90,0.6,2
2020-02-08,24,30.4,26.7,86,125.2,1
2020-02-09,24,31,26.4,85,9,1
2020-02-10,24.4,34.6,29.1,76,18.6,2
2020-02-11,26,34.4,29.9,72,0,2
2020-02-12,27,33.6,29.5,74,0,1
2020-02-13,26,31.8,28.6,77,0,1
2020-02-14,0,29.8,27.6,84,0,1
2020-02-15,26,31.8,28.3,83,4.7,1
2020-02-16,26,31.4,27.4,85,0,2
2020-02-17,25.4,32,27.4,0,26.5,1
2020-02-18,25,30.2,27.6,84,7.2,1
2020-02-19,25.2,29.8,27.5,83,17.7,2
2020-02-20,24.8,30.8,27.1,87,31,2
2020-02-21,24.8,31.8,28,82,57,2
2020-02-22,24.6,31.2,28.1,84,56.8,2
2020-02-23,25.6,31,28.3,84,125.7,3
2020-02-24,26.4,31,28.6,81,6.6,2
2020-02-25,24.6,29.8,27.1,88,277.5,1
2020-02-26,25,31.4,28.6,80,3,1
2020-02-27,25.4,30.6,28.6,0,22,2
2020-02-28,25,31,27.4,88,31.5,2
2020-02-29,25.2,28.6,27.3,91,0.6,1
2020-03-01,25.6,31.8,27.7,89,12,2
2020-03-02,25,31.8,28.7,81,63.6,2
2020-03-03,26,31.6,28.8,79,8888,2
2020-03-04,26.8,31,28.5,82,8888,1
2020-03-05,0,31,28,79,19.6,1
2020-03-06,25,32,28.8,78,2,2
2020-03-07,25.2,33,28.8,73,0,2
2020-03-08,26.4,32.2,28.6,77,0,2
2020-03-09,26,33.2,29.7,71,8888,3
2020-03-10,27,34.6,30.1,71,0,2
2020-03-11,26,33,29.6,78,0,2
2020-03-12,25.6,30.6,27.6,85,7.7,1
2020-03-13,0,31.6,28.5,76,29.2,1
2020-03-14,26.4,33.5,29.4,79,0,2
2020-03-15,25,33,29.3,80,2,2
2020-03-16,26.8,33,28.9,77,3.6,1
2020-03-17,25.2,32.6,28.9,78,4.8,2
2020-03-18,25.8,29,27.6,86,0.4,1
2020-03-19,25.8,31.4,28.1,83,0.2,2
2020-03-20,25.2,31.2,27.4,82,16,1
2020-03-21,0,32.4,28.1,81,10.8,1
2020-03-22,25,31.2,27.2,84,17.6,1
2020-03-23,25,31.8,28.2,81,22.5,1
2020-03-24,26.4,32.2,28.8,78,0.4,2
2020-03-25,25.6,32.4,28.4,81,0.3,1
2020-03-26,25.8,31.8,28.8,78,0,1
2020-03-27,26.4,31.6,28.7,81,0.9,1
2020-03-28,26,32,29,81,0,1
2020-03-29,27.2,33,29.4,78,0,1
2020-03-30,26.6,31.8,27.7,84,0,1
2020-03-31,26,34.4,28.1,84,7.1,2
2020-04-01,25.2,31.8,28.1,80,21.5,1
2020-04-02,25.6,33.8,29.8,73,0,2
2020-04-03,27,33.6,29.3,77,0.1,1
2020-04-04,26,32,28.9,81,5.5,1
2020-04-05,27,32,28.5,79,8888,1
2020-04-06,26.8,32.6,27.3,86,0,1
2020-04-07,25.6,32.6,28.6,77,30.6,1
2020-04-08,26,32,28.8,78,0,3
2020-04-09,27,31,28.9,81,0.3,1
2020-04-10,26.4,32.2,28.3,83,8888,1
2020-04-11,26,34.2,29.4,78,13.8,2
2020-04-12,26.4,32.6,29.6,77,0,2
2020-04-13,25.8,32,27.7,90,14.5,1
2020-04-14,25.6,32,28,85,72,2
2020-04-15,25.8,31.4,28.1,86,5.4,2
2020-04-16,26,32.4,29,80,0,1
2020-04-17,26.6,33,29.7,76,0,1
2020-04-18,26.2,32.6,28.7,77,0,1
2020-04-19,26.4,34,29.6,76,0,2
2020-04-20,27,33.6,30,78,0,2
2020-04-21,28,32.6,30,76,0,1
2020-04-22,26,34.8,30.4,70,0,1
2020-04-23,27.4,34.8,30.8,73,0,2
2020-04-24,27,33,29.3,77,0,1
2020-04-25,26.4,32.6,29.1,74,0,1
2020-04-26,26.4,33.4,29.4,77,0,2
2020-04-27,25,32,27.7,84,13.5,1
2020-04-28,25.8,31.2,27.8,82,1.2,1
2020-04-29,25.6,32.2,28.3,78,4.4,1
2020-04-30,0,31.8,28.6,82,0,1
2020-05-01,26.4,31.6,28.8,80,0,2
2020-05-02,25.6,30,27.1,85,8888,1
2020-05-03,25.4,33.4,29.3,76,1,1
2020-05-04,0,30.6,28.7,79,0,1
2020-05-05,26.6,33.8,29.6,76,1.6,2
2020-05-06,27,33.4,29.6,79,0,1
2020-05-07,27.2,34.2,30.2,72,0.2,1
2020-05-08,27.2,33.8,30.2,73,0,1
2020-05-09,27,33.8,28.4,82,0,1
2020-05-10,26,32.6,28.8,81,1,2
2020-05-11,27,32.6,29.3,78,0,1
2020-05-12,27.2,34.4,30.3,75,0,1
2020-05-13,27.4,33.6,29.9,79,3.8,1
2020-05-14,26.6,34.2,29.4,76,0,2
2020-05-15,27.4,33,30,70,0,1
2020-05-16,26,34.6,30.2,70,0,1
2020-05-17,27.2,33.6,29.9,75,0,2
2020-05-18,27,31.4,28.2,84,0,1
2020-05-19,25.2,33,28.7,76,12.8,1
2020-05-20,0,34,29.7,75,0,2
2020-05-21,24.8,33.4,28.9,80,29,1
2020-05-22,26,33,29.7,81,0,2
2020-05-23,26.6,33.8,29.6,73,0,1
2020-05-24,26,35.6,31.2,65,0,1
2020-05-25,27.6,35,30.4,72,0,1
2020-05-26,26.2,34,29.9,73,1,2
2020-05-27,27,33,29.5,74,0,1
2020-05-28,26.2,33.2,29.8,76,0,1
2020-05-29,27.4,34,29.6,78,0,1
2020-05-30,0,34.2,29.6,76,0,1
2020-05-31,27,33,29.4,73,0,1
2020-06-01,26.2,33.4,30.3,73,0.6,2
2020-06-02,26.6,34,29.6,74,0,2
2020-06-03,26,33.2,28.7,80,4.5,2
2020-06-04,26.8,33,29.5,72,0,1
2020-06-05,26.2,32.6,29.7,74,0,1
2020-06-06,26.4,32.2,28.9,76,0.2,1
2020-06-07,26,33.6,29.9,71,0,1
2020-06-08,26.4,33.2,29.5,75,0,1
2020-06-09,27.2,31.4,28.7,80,0,1
2020-06-10,26.6,34,29.4,78,8888,2
2020-06-11,27.2,33.6,29.8,75,0,2
2020-06-12,24.6,33.6,29.8,0,3.5,2
2020-06-13,25.6,33,29.4,74,0,2
2020-06-14,26.6,34.8,30.3,72,0,1
2020-06-15,27,33,30.1,76,0,1
2020-06-16,27.6,33,30,73,0,1
2020-06-17,26.4,35,30.3,69,0,1
2020-06-18,27.4,33.8,29.9,74,0,1
2020-06-19,26,32,29.3,75,0,1
2020-06-20,26.2,34.2,29.3,74,5.8,1
2020-06-21,26.4,32.6,28.9,77,0,1
2020-06-22,26,31.6,28.8,77,0,1
2020-06-23,24.4,32.8,28,80,6.5,1
2020-06-24,25.2,33,28.7,73,0,1
2020-06-25,26.2,33.4,29.6,70,0,1
2020-06-26,26.4,32.6,28.9,78,0,1
2020-06-27,26,33.6,29.3,75,0,2
2020-06-28,27,33.2,29.5,71,0,2
2020-06-29,27,34.2,29.8,68,0,2
2020-06-30,26.6,33.6,29.7,72,0,1
2020-07-01,26.6,34.2,29.8,70,0,1
2020-07-02,26.4,31,27.3,81,0,1
2020-07-03,0,32,28.5,74,0,1
2020-07-04,0,32.6,29.1,73,0,1
2020-07-05,25,32.4,28.5,69,0,1
2020-07-06,25.8,33,29,66,0,1
2020-07-07,24.2,33.2,28.3,75,0,1
2020-07-08,25.4,32.2,29,73,0,2
2020-07-09,25,32,27.8,77,0,2
2020-07-10,25.2,32,27.7,79,9,1
2020-07-11,25.4,32.6,28.3,80,1.9,1
2020-07-12,26,31.8,28.8,77,0,1
2020-07-13,26,32.4,29.1,72,0,2
2020-07-14,27.2,32.6,29.4,74,0,1
2020-07-15,25.4,30,27.3,82,0,3
2020-07-16,25.6,31,28.4,79,0.2,2
2020-07-17,25,33,28.6,77,1,2
2020-07-18,26,32.6,28.8,74,0,1
2020-07-19,26,32.6,29,73,0,1
2020-07-20,26.4,32.6,29.2,74,0,1
2020-07-21,27,32.2,28.9,74,0,2
2020-07-22,27,33,29.4,72,0,2
2020-07-23,27.2,33,29.4,70,0,2
2020-07-24,26.2,33.4,29.2,71,0,1
2020-07-25,25,32.4,28.7,72,0,1
2020-07-26,25.8,32.8,28.4,64,0,2
2020-07-27,25,33.2,28.4,65,0,1
2020-07-28,25.2,33.2,28.4,68,0,2
2020-07-29,24.6,33,28.3,67,0,2
2020-07-30,26,31.4,28.2,70,0,1
2020-07-31,25.2,32.2,28,60,0,1
2020-08-01,24.6,32.2,27.7,69,0,1
2020-08-02,24,31.8,28.2,69,0,2
2020-08-03,26,34,29.5,69,0,2
2020-08-04,27.6,32.8,29.5,70,0,2
2020-08-05,0,31.4,28.5,73,0,1
2020-08-06,25,33,29.1,73,0,1
2020-08-07,26.6,32,28.8,77,0,1
2020-08-08,0,32,29.3,75,0,1
2020-08-09,25.8,32.2,28.6,80,32,2
2020-08-10,26,33.4,29,78,0.5,2
2020-08-11,27,33,29.2,74,0,1
2020-08-12,27,32.8,29,74,8888,2
2020-08-13,27.2,30.4,27.1,83,0,1
2020-08-14,24.2,31.4,27.5,82,68.3,1
2020-08-15,25.4,32.4,28.5,79,0,1
2020-08-16,26.2,33.4,29.1,75,0,1
2020-08-17,26.4,33.6,29.4,71,0,1
2020-08-18,26,32.2,28.3,77,0.2,1
2020-08-19,25.8,33.8,29,75,0,1
2020-08-20,26.2,32.6,29.3,75,0,2
2020-08-21,26,33,29,68,0,2
2020-08-22,25.4,34,29,64,0,1
2020-08-23,26,34.8,29.5,66,0,2
2020-08-24,27,33.8,29.5,68,0,2
2020-08-25,25.6,34,29,64,0,1
2020-08-26,26,33.8,29.1,67,0,1
2020-08-27,25.8,34,29,64,0,2
2020-08-28,26.2,34.4,29.3,64,0,1
2020-08-29,26.4,34.4,29.9,64,0,1
2020-08-30,26.4,33.8,29.2,68,0,2
2020-08-31,26.8,33,29.3,68,0,1
2020-09-01,26.6,35,29.9,61,0,1
2020-09-02,25,32.2,29.1,70,0,2
2020-09-03,26.2,32.6,28.9,71,1.4,1
2020-09-04,27.2,34.8,30.2,68,0,2
2020-09-05,26.8,32.4,29.6,74,0,1
2020-09-06,26.4,32.6,29,71,0,1
2020-09-07,26.8,34,29.7,66,0,2
2020-09-08,27.4,33.6,30,64,0,1
2020-09-09,27.8,34,30.3,62,0,2
2020-09-10,26,33,29.5,71,0,2
2020-09-11,27,32.4,29.3,70,0,1
2020-09-12,27,33,29.2,72,0,1
2020-09-13,26.8,33.6,29.2,67,0,2
2020-09-14,27,32,28.9,71,8888,4
2020-09-28,25.6,34.4,29.4,70,2.5,2
2020-09-29,26.6,32.8,29.7,64,0,2
2020-09-30,26.6,34.8,30.3,64,0,2
2020-10-01,26,34.6,30.3,70,0,2
2020-10-02,27.6,33.2,29.4,72,0,2
2020-10-03,27,30.8,27.8,78,0,1
2020-10-04,25,32.4,28.4,74,12.5,3
2020-10-05,24.2,33,28.8,68,17.3,2
2020-10-06,25.8,33,28.8,67,0,1
2020-10-07,25.8,33.6,29.7,68,0,1
2020-10-08,25,32.4,29.3,71,0,2
2020-10-09,25,31.6,28.7,77,8,2
2020-10-10,26.6,32.2,28.8,75,0,1
2020-10-11,25.6,32,28.5,77,6.6,1
2020-10-12,25.6,33.2,29.7,68,0,1
2020-10-13,26.6,32.6,29.5,70,0,2
2020-10-14,27.4,33.2,29.8,70,0,2
2020-10-15,27.2,33.6,30,67,0,1
2020-10-16,27,33.6,28.4,75,0,1
2020-10-17,24.4,32,28.7,75,48.5,2
2020-10-18,26.6,32.2,28.8,75,0,1
2020-10-19,26.8,32.6,28.6,79,0,2
2020-10-20,25,32.8,28.6,78,10.5,2
2020-10-21,25.4,32,27.3,82,24.6,2
2020-10-22,24,33,28.8,76,57.6,2
2020-10-23,26.4,33.6,29.8,68,0,1
2020-10-24,26.4,32.6,29.2,72,0,2
2020-10-25,25.6,32,28.2,78,0,1
2020-10-26,26,32.2,27.4,82,0.8,1
2020-10-27,25.2,31,27,82,5.4,2
2020-10-28,24.6,32.2,28.3,80,15,2
2020-10-29,25.6,33.4,29.4,74,1.5,1
2020-10-30,27,32.4,29.1,76,0,1
2020-10-31,26.1,32.6,28.1,77,0,2
2020-11-01,25,32.8,27.7,81,5.5,2
2020-11-02,25.8,32.4,28.6,75,7,2
2020-11-03,26.2,32.2,28.8,74,0,1
2020-11-04,26.4,32.6,28.6,74,8888,2
2020-11-05,25,29.8,27.3,83,3,1
2020-11-06,25.6,31.4,27.7,86,5,1
2020-11-07,25.4,33.4,28.9,80,10,1
2020-11-08,25.8,31.6,27.8,80,0,2
2020-11-09,25,33.8,29.1,71,1,1
2020-11-10,26.4,32.2,29.5,77,0,2
2020-11-11,26.8,33,29.9,72,0,1
2020-11-12,27,34.4,29.8,74,3.6,2
2020-11-13,25.6,33.4,30.4,76,0,1
2020-11-14,27.4,33.4,30.5,71,0,2
2020-11-15,27.6,34.6,30.7,68,0,1
2020-11-16,27.6,35,29.7,74,0,2
2020-11-17,26,32.2,29.3,78,0,2
2020-11-18,26.6,32.8,29.3,76,0,1
2020-11-19,26.8,33.2,30.2,72,8888,1
2020-11-20,28,32.6,29.7,77,0,1
2020-11-21,26.6,32.4,29.2,76,8888,1
2020-11-22,26.8,31.8,28.5,77,0,1
2020-11-23,0,30.6,28,81,0,1
2020-11-24,25.6,34.4,28.1,77,1,1
2020-11-25,25.4,33.8,28.3,78,15,1
2020-11-26,25.6,32.6,28.7,77,26,1
2020-11-27,26.2,35.2,29.4,70,0,2
2020-11-28,25,32.6,28.5,79,9,1
2020-11-29,26,32.8,28.4,74,0.2,4
2020-11-30,25.2,32,27.8,76,1,2
2020-12-01,26.2,34,29.4,70,8888,2
2020-12-02,0,33.8,29.4,70,0,2
2020-12-03,24.4,30.4,26.9,79,5,1
2020-12-04,24.4,32.4,27.8,80,1.4,1
2020-12-05,26,30.2,27.5,80,14.4,2
2020-12-06,25,28.6,26,90,32.5,3
2020-12-07,24.2,30.2,26.1,88,34.8,1
2020-12-08,24.4,32.2,28.4,78,7.2,2
2020-12-09,25.6,32.2,28.9,75,9.3,2
2020-12-10,25,32,27.8,80,0,2
2020-12-11,26,30.4,28.1,80,0.4,3
2020-12-12,25.4,32.2,27.7,78,4.8,2
2020-12-13,25.6,30.2,27,83,8888,1
2020-12-14,25,32.2,28,76,8888,2
2020-12-15,25.8,32.6,27.7,78,0,4
2020-12-16,25.4,32.2,28.1,76,9,2
2020-12-17,24.8,31.8,27.5,79,6,2
2020-12-18,25,31.8,28.3,74,0,1
2020-12-19,25.4,32.8,28.2,74,0,3
2020-12-20,25.8,30.8,27.2,81,8888,2
2020-12-21,24.8,29.6,27.4,76,4.2,2
2020-12-22,25.6,31.6,28.6,73,8888,2
2020-12-23,25.6,34.8,29.6,65,0,2
2020-12-24,26.4,33.4,28.9,68,0,2
2020-12-25,25.8,34.2,29.3,67,8888,1
2020-12-26,0,34.4,28.9,70,0.7,3
2020-12-27,25.6,32.4,29.4,70,8888,3
2020-12-28,26.4,33,29.1,70,0,3
2020-12-29,26.4,32,28.3,73,0,2
2020-12-30,25.6,32.6,28,75,0,2
2020-12-31,25.6,30.2,26.5,83,5,1
2021-01-01,25,30,27,80,13.8,1
2021-01-02,25,31.2,27.6,78,8888,2
2021-01-03,25,32.4,27.9,77,0,2
2021-01-04,25.6,32.6,28.8,75,9.4,2
2021-01-05,26.2,29.6,28.4,76,0,1
2021-01-06,24,30.6,27.2,85,8.2,1
2021-01-07,24,29.8,26.8,84,40.5,1
2021-01-08,25,30.2,27.1,85,2,2
2021-01-09,25.6,32,26.4,87,14.4,1
2021-01-10,24.6,31,27.1,82,34.3,1
2021-01-11,24.6,30.8,27.8,78,2,
2021-01-12,25,30,27.3,82,2,
2021-01-13,25.6,29,27.2,83,13.2,2
2021-01-14,26,29.4,27.4,81,0.2,2
2021-01-15,25,29.8,27.9,79,8888,2
2021-01-16,25.6,34.2,29.2,70,2,
2021-01-17,25.6,30.4,27.9,82,0,2
2021-01-18,26.2,28.8,26.8,86,1.8,2
2021-01-19,24,29.4,26.7,82,15.7,2
2021-01-20,24.8,29.8,27.3,80,14,3
2021-01-21,24.8,28.4,26.6,87,3.2,1
2021-01-22,25.6,29.4,27,79,8.5,1
2021-01-23,25.4,30.8,27.4,82,0,2
2021-01-24,24,27.6,25.1,94,16.5,1
2021-01-25,24,30.4,27.6,80,43.8,1
2021-01-26,31.8,27.4,83,0,2,
2021-01-27,23.4,30,25.9,86,7,2
2021-01-28,24,28.8,25.7,87,1.2,2
2021-01-29,24,29.4,26.2,87,38.4,1
2021-01-30,24.2,29.8,26.6,86,26.2,2
2021-01-31,24.2,29.2,26.6,87,20.5,1
2021-02-01,24.8,30.4,27.1,82,0.4,2
2021-02-02,25.4,29.8,27.4,83,16.4,2
2021-02-03,24.2,29.4,26.5,89,76.2,1
2021-02-04,24.2,29.8,26.5,87,18,3
2021-02-05,25,29.6,27,85,21,3
2021-02-06,24.6,30,28.2,80,39.4,2
2021-02-07,25.8,30.2,27.8,82,67.8,3
2021-02-08,25,30.2,28,83,9,2
2021-02-09,24.2,30.2,27.2,87,16.5,1
2021-02-10,25.4,30.8,28.1,80,1.4,2
2021-02-11,25.8,32,27.6,81,8888,2
2021-02-12,25.4,29.6,27.4,82,4.2,2
2021-02-13,25.2,31,27.9,79,0.8,2
2021-02-14,26,29.2,27.3,88,22.3,1
2021-02-15,25.2,30.6,27.4,86,11.8,2
2021-02-16,24.2,28.2,25.5,95,59,1
2021-02-17,23.8,29,26,85,72.8,1
2021-02-18,24.4,30,25.8,86,0,2
2021-02-19,24.5,29.4,26.6,82,94.1,2
2021-02-20,30,27.9,78,27,3,
2021-02-21,24.8,30.2,27.2,82,16.4,2
2021-02-22,25.4,30.4,27.9,78,0,2
2021-02-23,26.4,31,27.9,80,0,3
2021-02-24,24,32.4,27.3,77,0.3,2
2021-02-25,24.6,30,27.3,85,11.8,3
2021-02-26,24,29.6,26.8,86,13.9,1
2021-02-27,25,31.6,28.1,82,3.9,1
2021-02-28,26,34,29.5,70,2,
2021-03-01,26.2,33.4,29.3,72,0.2,3
2021-03-02,24.8,30.8,27.3,82,20.4,1
2021-03-03,24.6,31.4,27.7,82,35.2,1
2021-03-04,25,31.6,28.3,78,1.3,1
2021-03-05,25.4,31.6,27.4,82,3,2
2021-03-06,25.8,30.4,26.8,86,0.6,1
2021-03-07,24.2,30.6,27.1,85,67.2,2
2021-03-08,31.4,27,80,2,2,
2021-03-09,24.8,30.4,27.3,80,3.4,1
2021-03-10,25,30.6,27.4,83,40.6,2
2021-03-11,23,30.2,26,82,35.1,1
2021-03-12,23.4,29.6,27.4,83,1,2
2021-03-13,25.8,32.8,28.7,74,0.1,2
2021-03-14,25,30.8,26.9,79,2.6,1
2021-03-15,25,30.2,27.6,84,5.2,1
2021-03-16,25,32.2,27.8,82,1,
2021-03-17,24.8,32,28.1,76,13.6,2
2021-03-18,26.4,32,29,74,0,1
2021-03-19,27,31.6,28.9,76,0,2
2021-03-20,25,31.8,27.8,80,3,
2021-03-21,26,32.8,28.4,79,4,2
2021-03-22,26.2,32.8,29.3,73,2,
2021-03-23,26.8,33.8,29.1,75,0,2
2021-03-24,26.4,33.2,28.9,72,3,
2021-03-25,27,31.4,28.8,72,1,
2021-03-26,26,32.6,28.8,76,0,2
2021-03-27,26.8,32,28.3,82,0,2
2021-03-28,25,32.8,28.8,79,4.5,1
2021-03-29,26.4,32,28.3,82,2,
2021-03-30,27,29.4,27.8,86,3.5,1
2021-03-31,26,33,28.5,79,0.6,2
2021-04-01,25,30.4,27.8,76,4,1
2021-04-02,25.8,32.2,29,73,2,
2021-04-03,25,29.8,26.9,88,73.4,1
2021-04-04,25.2,30.2,27.7,84,1.6,1
2021-04-05,25,32,28.5,78,2,
2021-04-06,26,33.4,29,71,5,
2021-04-07,25.4,30.4,27.8,76,0.8,2
2021-04-08,25.6,33.4,29.1,75,0.9,1
2021-04-09,25.6,31.8,28.6,78,2,
2021-04-10,24.4,31.6,27.6,81,6,1
2021-04-11,25.2,31.6,28.1,77,0,1
2021-04-12,26,33.6,28.7,74,1.2,2
2021-04-13,25,32.8,28,80,25.5,1
2021-04-14,25.6,31.8,28,81,8888,1
2021-04-15,25,31.8,27.3,82,3.4,1
2021-04-16,25.4,31.8,28.3,78,2.7,1
2021-04-17,26,31.4,27.6,84,1,
2021-04-18,25.8,31.8,28.6,78,27.7,1
2021-04-19,26.4,32,28.7,76,0,1
2021-04-20,26.2,32.8,29.1,73,0,1
2021-04-21,25.6,33.2,29.3,72,1,
2021-04-22,26.4,33,29.3,68,2,
2021-04-23,26.8,32.2,28.2,76,0,1
2021-04-24,25.4,32.6,28.5,74,10.5,2
2021-04-25,25,32.8,29.3,73,1,
2021-04-26,26.8,34.2,30.2,70,2,
2021-04-27,27.2,34.2,29.9,73,0,1
2021-04-28,26.4,32.2,28.8,78,0,1
2021-04-29,25.4,33.4,29,76,56.2,1
2021-04-30,25.2,32,28.6,80,1,
2021-05-01,26.6,33.4,29.7,76,0,1
2021-05-02,27.2,33.6,29.8,76,0,1
2021-05-03,26,33,29.7,76,2,
2021-05-04,26.6,32.8,29.5,72,1,
2021-05-05,27.4,32.4,29.5,78,0,1
2021-05-06,26,32.4,27.6,81,36.8,2
2021-05-07,25,32.8,28.8,80,4,1
2021-05-08,25.8,33.2,29.2,78,0.4,2
2021-05-09,24.6,32.4,28.4,80,47,1
2021-05-10,25.4,33.6,29.7,76,3.5,1
2021-05-11,25.6,34.8,29.9,73,2,
2021-05-12,27.2,33.8,30.1,74,1,
2021-05-13,27.2,33.6,29.6,76,0,2
2021-05-14,26.8,34.4,29.8,71,2,
2021-05-15,26,33.4,29.8,72,1,
2021-05-16,27.6,33.4,30.1,72,0,1
2021-05-17,28,33,29.8,75,0,2
2021-05-18,23.4,31.6,27.3,82,92.2,1
2021-05-19,32.8,29.1,77,1,,
2021-05-20,26.6,33.2,29.6,74,2,
2021-05-21,27,33.4,29.1,77,0.2,1
2021-05-22,27,32.6,28.9,76,0,1
2021-05-23,25.6,32.8,29.1,76,8888,1
2021-05-24,26.6,32.6,29.5,77,1,
2021-05-25,25,33,28.5,77,10,1
2021-05-26,25.6,33.4,29.1,76,0,2
2021-05-27,26.8,33.6,29.7,73,0,1
2021-05-28,27,34,29.8,74,0,2
2021-05-29,26.8,30,27.5,83,1,
2021-05-30,25.2,33,28.5,80,9.5,1
2021-05-31,26,32.4,29.3,79,1,
2021-06-01,26.8,32.6,28.8,81,1,
2021-06-02,26.8,33,29,80,0.2,1
2021-06-03,27,32.8,28.9,83,0,1
2021-06-04,25.8,34.2,30.2,77,6.7,1
2021-06-05,26.8,33,29.3,78,8888,1
2021-06-06,27.4,32.8,29.5,78,0,1
2021-06-07,25.2,32.5,28.1,80,31.4,1
2021-06-08,26,32.6,29.1,76,2,
2021-06-09,26.4,32.4,29.1,77,2.2,1
2021-06-10,26.8,33,29.4,76,0,2
2021-06-11,26.8,32,28.7,79,0,1
2021-06-12,25,33.8,28.9,78,16,1
2021-06-13,25.4,33.6,29.5,76,1,2
2021-06-14,27,31.8,28.7,78,8888,1
2021-06-15,26.2,32.5,28.1,78,0.4,2
2021-06-16,25,31.2,28.1,80,1,
2021-06-17,25.4,30.8,27.8,83,1.4,1
2021-06-18,26,30.4,27.4,84,0.2,1
2021-06-19,25.6,27.6,26,92,0.9,1
2021-06-20,24.2,30.8,27,83,16.7,1
2021-06-21,32,26.5,85,1.6,2,
2021-06-22,25,31.2,27.6,79,8888,1
2021-06-23,25.2,30.8,27.8,81,0,1
2021-06-24,25,30.2,27.3,81,1,
2021-06-25,25.4,33,28.5,78,8888,1
2021-06-26,25.8,32.6,29,78,0,1
2021-06-27,26.4,33,28.9,78,0,1
2021-06-28,25,32.6,28.4,78,8888,1
2021-06-29,32.2,28.5,74,2,,
2021-06-30,26,30.2,27.5,82,0.4,1
2021-07-01,26,31,26.3,86,1,1
2021-07-02,24,32.4,28.3,75,12,1
2021-07-03,26,33.8,29,73,0,1
2021-07-04,25.6,33.8,29,74,1,
2021-07-05,26.2,32.4,28.6,76,0,1
2021-07-06,25,32.2,28.6,74,1,
2021-07-07,26,31.8,28.5,70,1,
2021-07-08,25.2,33.2,28.5,69,0,1
2021-07-09,25.4,34,29.3,71,0,1
2021-07-10,25,32.6,29.6,73,2,
2021-07-11,26.6,32,29,77,2,
2021-07-12,26.6,33.4,29.3,69,0,1
2021-07-13,24,31,27.5,78,0,2
2021-07-14,25,31.6,28.1,75,1,
2021-07-15,25.6,32,28.3,75,8888,1
2021-07-16,25.8,33,28.7,68,0,1
2021-07-17,26,34,29.2,69,0,1
2021-07-18,24,32.6,28.6,72,1,
2021-07-19,26.2,31.8,29,75,0,
2021-07-20,26.4,32.4,28.4,79,8888,1
2021-07-21,26.4,32.6,28.7,77,0,2
2021-07-22,32,28.3,78,8888,1,
2021-07-23,25,31,27.1,82,17.8,2
2021-07-24,25.4,31,27.8,81,2.5,1
2021-07-25,24.6,32.6,27.7,79,2.5,1
2021-07-26,24,33.2,28.3,69,1,
2021-07-27,24.6,33.6,28.4,66,1,
2021-07-28,25,33.6,28.5,64,0,1
2021-07-29,25.4,32.8,28.6,67,0,2
2021-07-30,25,33,29,72,1,
2021-07-31,26.6,31.6,29,70,2,
2021-08-01,25.6,32,28.3,78,3.3,2
2021-08-02,25.8,32,28.6,76,0,2
2021-08-03,32.4,28.7,75,2,,
2021-08-04,25.8,32.4,29.1,70,2,
2021-08-05,26.8,31,27.4,81,0,1
2021-08-06,24.6,33,28.3,72,6.2,2
2021-08-07,25,33.4,29,74,2,
2021-08-08,26.2,33.4,29.3,74,2,
2021-08-09,26.8,33,29.6,75,0,2
2021-08-10,24.6,30.8,27.1,84,66.5,1
2021-08-11,24.6,33.2,28.7,74,8888,2
2021-08-12,25.2,33.8,29.1,64,2,
2021-08-13,25.6,30.4,28.2,76,0,1
2021-08-14,26.2,33.6,29.1,72,0,2
2021-08-15,25.8,34.4,29.6,68,2,
2021-08-16,26.4,33.6,29.4,67,2,
2021-08-17,27,32.6,29.3,71,0,1
2021-08-18,27,32,28.8,73,0,2
2021-08-19,25,32.4,28.2,75,2,
2021-08-20,25.4,32.4,28.6,72,2,
2021-08-21,26,30.8,27.6,77,3.7,2
2021-08-22,25.6,33.4,28.8,74,1,
2021-08-23,25.6,31.8,28.8,77,1,
2021-08-24,26.8,32.2,29.1,72,2,
2021-08-25,26,31.8,28.5,68,8888,1
2021-08-26,26,33,28.9,66,0,2
2021-08-27,25.6,33.2,28.6,71,1,
2021-08-28,26.2,33.4,29.8,63,1,
2021-08-29,27.2,32,28.6,72,0,1
2021-08-30,25.4,31.6,28.7,77,2,
2021-08-31,26.8,32.6,29.3,79,1,
2021-09-01,26.2,34,29.4,70,1,
2021-09-02,26.8,32.2,28.9,71,0,1
2021-09-03,26.8,32.4,29,70,0,1
2021-09-04,25,32,28.7,70,1,
2021-09-05,26.4,33.2,29.6,67,2,
2021-09-06,27.2,33.4,29.6,72,0,2
2021-09-07,27,31.4,28.8,74,0,1
2021-09-08,25,32,27.9,78,6.9,2
2021-09-09,23.6,32.4,27.8,74,22,1
2021-09-10,24.8,32.8,28.5,64,0,1
2021-09-11,26,32.4,29.1,70,0,1
2021-09-12,27.2,31.2,28.8,76,0,1
2021-09-13,26.4,33.2,29.3,73,2,
2021-09-14,24.8,27.6,25.8,89,36.7,1
2021-09-15,24,31.8,28,82,5.7,2
2021-09-16,25,33.6,29.2,77,2,
2021-09-17,26.6,34.2,29.7,72,0,2
2021-09-18,26.8,35,30.5,63,1,
2021-09-19,27.8,32.4,28.6,76,0,1
2021-09-20,26,31.8,28.8,72,17,1
2021-09-21,25,32.6,28.8,71,1,
2021-09-22,26.4,33.8,29.5,69,1,
2021-09-23,27,33.8,29.7,69,0,2
2021-09-24,25.6,34,29.9,69,2,
2021-09-25,27,33.6,29.9,73,2,
2021-09-26,27.2,33,29.7,74,0,2
2021-09-27,26.2,32.6,29.1,79,17.6,1
2021-09-28,25,33.2,29,80,7.5,2
2021-09-29,26.6,32.6,29.4,74,2,
2021-09-30,27.4,32.4,29.6,72,0,1
2021-10-01,26.2,33.6,29.1,75,1.5,1
2021-10-02,26,31.4,28.9,75,1,
2021-10-03,25.6,33.2,29.1,69,2,
2021-10-04,26.6,32.4,28.4,75,0,1
2021-10-05,25.4,33,29,66,16.2,1
2021-10-06,33.2,28.7,77,1,,
2021-10-07,25.6,32.4,29.3,66,2,
2021-10-08,25.8,31.6,28.7,72,1,
2021-10-09,26.6,33.8,29.6,70,0,2
2021-10-10,26,33.4,29.8,72,2,
2021-10-11,26.8,33.6,29.3,70,2,
2021-10-12,26.6,33,29.5,68,0,1
2021-10-13,27.4,33.4,30.1,68,0,1
2021-10-14,25.8,33.2,29.5,72,2,
2021-10-15,27.8,34.2,30.2,71,0,1
2021-10-16,26.8,33.6,30.1,70,2,
2021-10-17,26,33.8,30.4,72,1,
2021-10-18,25.2,28.4,26,90,55.3,0
2021-10-19,24.6,33.2,27.7,77,20.7,1
2021-10-20,26,32.6,29,74,0,1
2021-10-21,26,32,28.5,83,46.5,1
2021-10-22,26,32.4,29.1,77,4,1
2021-10-23,26.4,32.8,29.3,72,1,
2021-10-24,27,33.2,30,73,0,1
2021-10-25,27.6,33.2,29,75,0,1
2021-10-26,26,33.8,29.8,72,8888,1
2021-10-27,26.4,32.8,28.7,80,1.2,2
2021-10-28,25.4,31.4,27.3,86,28.1,1
2021-10-29,25,32.8,28.6,74,7.8,2
2021-10-30,26,33,29.3,73,2,
2021-10-31,26.6,32.8,28.9,77,0.8,1
2021-11-01,26.4,31.4,27.7,84,8888,1
2021-11-02,25.8,32.6,28.6,76,2,1
2021-11-03,25,32.6,28.5,78,1,
2021-11-04,26.4,32.6,29,77,0.6,2
2021-11-05,26.6,29.8,27.9,82,8888,0
2021-11-06,26.2,32.8,29.4,76,2,2
2021-11-07,26,32.4,27.6,84,2,
2021-11-08,25.2,32.2,28.3,79,19.2,1
2021-11-09,25.6,32,29.4,78,1,
2021-11-10,26.4,33.4,28.6,76,1.9,1
2021-11-11,25,31.6,28.3,77,2,2
2021-11-12,26.6,33.6,28.5,74,0,1
2021-11-13,24.8,31.6,27.5,85,26.4,1
2021-11-14,25.4,34.6,29.4,76,30.3,1
2021-11-15,26,29.6,27.7,80,1,2
2021-11-16,26.6,33.6,29.8,67,8888,1
2021-11-17,26.4,34,30,71,2.4,1
2021-11-18,27,33.8,29.8,71,1,
2021-11-19,25,30.6,27.9,74,2,
2021-11-20,26.4,31.8,27.9,78,8888,2
2021-11-21,25.2,32.4,29.4,73,7,2
2021-11-22,27.2,32.8,29.3,74,0,2
2021-11-23,25,32.4,27.9,76,8888,4
2021-11-24,25.6,33.8,29.3,62,8888,2
2021-11-25,26.8,33.8,29.1,73,0,1
2021-11-26,25.6,34,28.2,80,8888,2
2021-11-27,25.2,32.6,27.6,78,34,2
2021-11-28,24,32.8,28.1,74,5,4
2021-11-29,25.6,32.4,28.4,76,0.3,2
2021-11-30,26.6,31.8,28.9,75,0,1
2021-12-01,25,34.6,29.7,66,2,
2021-12-02,27.2,35.2,31,64,0,3
2021-12-03,27,32.4,29.3,74,2,
2021-12-04,27.8,29,27.4,78,0,1
2021-12-05,25,28.2,26.6,82,2.5,0
2021-12-06,24.4,32,27.5,80,11.9,1
2021-12-07,24,29,26.4,86,65.6,1
2021-12-08,24.4,32.6,28.5,80,1.5,1
2021-12-09,25,31,27.5,87,30.5,2
2021-12-10,24.8,31.8,28.4,81,0.6,2
2021-12-11,25,30.6,27.3,84,1.6,2
2021-12-12,32.8,28.9,76,8888,2,
2021-12-13,25,32,29,76,2,
2021-12-14,26.8,31.6,28.6,79,2,
2021-12-15,26.8,31.4,28.7,79,7.4,1
2021-12-16,26.8,32.6,28.3,81,8888,1
2021-12-17,25.4,32.4,28.4,79,8888,1
2021-12-18,25.8,33.6,28.5,76,0.4,2
2021-12-19,26,32.6,29.1,80,2.4,1
2021-12-20,26.6,33,27.9,84,0,1
2021-12-21,29.8,26.8,88,1.5,1,
2021-12-22,24.6,32.6,28.2,80,6.8,1
2021-12-23,25.6,31.6,26.2,88,0,1
2021-12-24,24.6,32.6,28,78,19.7,1
2021-12-25,25,31.4,28.1,81,1,
2021-12-26,24,31.4,27.3,78,9.4,1
2021-12-27,24.2,30.8,28.2,77,2,
2021-12-28,26.2,31.6,28.2,82,8888,2
2021-12-29,24.6,30.8,27.5,84,9,1
2021-12-30,26,30.2,28,84,0,1
2021-12-31,25.8,33.6,29.3,77,0.8,1
2022-01-01,25,32.4,28.9,75,0.5,1
2022-01-02,26.6,32.4,28.2,82,0,2
2022-01-03,25.8,32.8,29.2,72,0,2
2022-01-04,25.8,32.4,28.9,71,0,1
2022-01-05,26.6,33,29.4,75,0,1
2022-01-06,25.6,31.8,27.9,86,34.5,1
2022-01-07,25.6,35,29.3,74,6.8,1
2022-01-08,26.2,32.4,28.6,77,0.3,1
2022-01-09,26.6,32.6,29.1,77,0,2
2022-01-10,25.2,31.8,28.3,78,0,2
2022-01-11,24.8,31.4,26.9,86,24,1
2022-01-12,24.4,31.2,26.7,87,27.2,2
2022-01-13,24.6,30.8,27.2,84,15.6,1
2022-01-14,24,31.4,26.5,88,13,1
2022-01-15,24.6,29.4,26.7,86,4,1
2022-01-16,25,29,27.4,87,0,2
2022-01-17,25.2,30.8,28.1,82,12.8,1
2022-01-18,25.2,29,26.3,92,8.1,2
2022-01-19,24.4,30.2,27.3,84,204,2
2022-01-20,24.6,29,26.2,83,6.6,1
2022-01-21,24.8,31,27.6,79,8888,1
2022-01-22,25,30.4,27.3,82,6,2
2022-01-23,24.6,32.8,29.3,75,3.2,4
2022-01-24,26.2,34.4,29.6,72,0,2
2022-01-25,26.8,31.4,28.8,80,0,1
2022-01-26,25,30,27.2,83,5.2,1
2022-01-27,25.6,31.8,28.1,80,8888,2
2022-01-28,25.6,32.4,28.7,78,5.2,1
2022-01-29,25.8,30.8,27.9,80,0,2
2022-01-30,25,31.8,28,81,0,2
2022-01-31,26,31.6,28,78,0,2
2022-02-01,26,31.2,28.5,81,0,1
2022-02-02,24.4,31.2,28,82,4,1
2022-02-03,26.2,32,28.7,78,0,2
2022-02-04,23.6,31,26.9,86,88.3,2
2022-02-05,25,28.6,26,90,16.3,1
2022-02-06,25.2,31.4,27.9,81,41.5,3
2022-02-07,25,30.4,27.6,82,10,1
2022-02-08,25.4,28,26.5,91,6.5,0
2022-02-09,24.8,30.8,26.5,83,63.8,3
2022-02-10,24.8,31.2,27.4,78,1.2,2
2022-02-11,24.6,30.8,27.7,79,0,1
2022-02-12,25.4,29.6,27.8,81,0.4,2
2022-02-13,26.2,29.4,27.2,85,0,1
2022-02-14,25.2,30.6,26.5,86,8888,1
2022-02-15,24.2,32.6,27.1,88,23.5,1
2022-02-16,25,32.6,28.4,77,2.4,1
2022-02-17,24.8,31,27.3,85,47.5,1
2022-02-18,25,30,27.4,88,0.8,0
2022-02-19,25,32.4,28,84,2.7,1
2022-02-20,25.6,30.8,27.9,83,2.8,1
2022-02-21,26,32.4,28.5,74,0.8,1
2022-02-22,25.6,34.4,29.3,74,3,1
2022-02-23,24.6,32.2,27.6,79,1,2
2022-02-24,24.4,33.2,28.6,67,17.8,2
2022-02-25,26.2,29.8,27.7,73,0,2
2022-02-26,24.6,32.4,27.9,75,2.5,2
2022-02-27,25.6,31.2,27.5,79,0,2
2022-02-28,25,31,28.1,78,1,2
2022-03-01,24.6,29.2,26.5,86,12.6,1
2022-03-02,24.6,32.4,27,84,5.2,2
2022-03-03,25.2,32.4,28.3,78,6.6,2
2022-03-04,25,31.6,28.1,78,3.7,1
2022-03-05,25.4,33.4,27.1,78,0,2
2022-03-06,25,32.8,27.9,77,12.1,4
2022-03-07,26.8,33,29.1,71,0,2
2022-03-08,25,32,27.8,80,0,1
2022-03-09,26,31.8,28.1,80,0.5,1
2022-03-10,26,32.4,28.5,77,0,2
2022-03-11,25.4,32,27.5,85,0,3
2022-03-12,25.8,31.8,27,89,7.5,1
2022-03-13,26.2,31.4,28,85,34.5,2
2022-03-14,26.4,33.6,28.7,80,26,1
2022-03-15,0,30.2,27.5,85,2.5,1
2022-03-16,25.2,33.4,28.7,77,6.2,1
2022-03-17,25.6,32,28.7,84,0.2,1
2022-03-18,26.4,33.6,29.2,79,0.4,1
2022-03-19,26,34.4,29.5,73,0,4
2022-03-20,27,35,30,64,0,3
2022-03-21,27.4,33.2,29.7,69,0,4
2022-03-22,26.8,32.6,29.1,74,0,1
2022-03-23,26,32.2,27.7,80,1.5,1
2022-03-24,25.4,33,28.3,78,5.3,1
2022-03-25,25.8,33.4,29.2,78,0,1
2022-03-26,26.6,30,26.6,88,0,1
2022-03-27,24.2,32.6,27.5,85,22.5,2
2022-03-28,25,32.2,28,81,14.4,1
2022-03-29,25.4,32.8,29.3,74,0,2
2022-03-30,26.6,32.6,29.1,76,0,1
2022-03-31,0,32.8,28.9,78,0,2
2022-04-01,26.4,31.6,28.5,76,0,0
2022-04-02,26.2,32.8,27.4,82,3.8,1
2022-04-03,26.4,33,26.7,83,18,2
2022-04-04,25,32.8,28.3,78,27.3,1
2022-04-05,25.6,32.4,27.6,81,0,1
2022-04-06,24.8,34.4,28.5,74,54,1
2022-04-07,25,33.6,28.9,76,8888,2
2022-04-08,25,34.2,28,76,8888,0
2022-04-09,25.6,32,28.5,73,45.7,1
2022-04-10,26,33.2,29.3,74,0,1
2022-04-11,26.4,32.8,28.2,78,0,1
2022-04-12,25,32.6,28.6,80,30,1
2022-04-13,26.4,31.6,28.8,80,1.7,1
2022-04-14,25.4,32.4,28.7,79,0.4,1
2022-04-15,26,34,29.9,81,0,1
2022-04-16,25,32.8,29.2,75,0,1
2022-04-17,26.6,33.2,29.7,77,0.6,1
2022-04-18,26.2,33.6,29.4,80,16,1
2022-04-19,26.4,32.8,28.6,78,0,2
2022-04-20,25,33,28.8,76,0.4,1
2022-04-21,26.6,29.2,27.4,84,4,0
2022-04-22,26,30.8,26.4,88,11,0
2022-04-23,24.8,33.6,28.5,80,5.7,1
2022-04-24,25,33,28.9,78,5,1
2022-04-25,26.6,34.2,29.5,75,0.8,1
2022-04-26,25.6,34,29.4,77,26.4,1
2022-04-27,26.6,32.8,29.1,78,8888,1
2022-04-28,24,31.6,27.6,83,7.5,2
2022-04-29,25.4,34,29.3,78,8888,1
2022-04-30,26.6,32.2,28.4,81,0,1
2022-05-01,26.6,32.6,29,82,0,1
2022-05-02,26,31.6,27.5,85,8888,2
2022-05-03,25,32.6,28.2,83,18.6,1
2022-05-04,25.4,33,29,78,0,0
2022-05-05,26.4,34,29.5,77,0,1
2022-05-06,26,34.8,30.2,74,0,1
2022-05-07,27.6,33,29.9,77,0,1
2022-05-08,27.4,33.6,30.1,72,0,1
2022-05-09,27.6,34,29.9,74,0,1
2022-05-10,26,33.8,29.9,76,8888,2
2022-05-11,25.4,33.2,28.9,80,18.2,1
2022-05-12,26.2,34,29.2,76,0,2
2022-05-13,26.6,33.6,29.3,78,15.8,1
2022-05-14,26,32.6,29.2,81,13,1
2022-05-15,26.8,34.2,29,82,0,1
2022-05-16,26,33.8,28.6,78,6.5,1
2022-05-17,26.6,33.2,29.5,78,8888,1
2022-05-18,26,33.8,28.7,80,0,1
2022-05-19,25.8,32,28,84,35.2,1
2022-05-20,25.6,31.6,27.4,84,9.4,1
2022-05-21,25,31.2,27.9,82,20,1
2022-05-22,25.2,30.4,27.8,82,0,1
2022-05-23,26.2,32.6,29,79,0,1
2022-05-24,26.6,32.8,29.7,72,0,2
2022-05-25,26.8,33,28.3,83,0.2,1
2022-05-26,25,30.6,27.3,84,1,0
2022-05-27,24.8,33.2,28.2,80,8888,1
2022-05-28,23.4,30,25.6,86,18.6,1
2022-05-29,23.2,32.8,26.8,83,27.3,1
2022-05-30,24,31,27.3,82,0.3,1
2022-05-31,24.8,32.4,27.4,80,0,2
2022-06-01,25.2,34.6,29,72,0,1
2022-06-02,26.4,34,28.4,79,0,1
2022-06-03,24.6,33.6,28.2,79,32.6,1
2022-06-04,25.8,32.2,28.8,76,0,1
2022-06-05,26.4,32.6,28.6,78,0,2
2022-06-06,25,31.8,27.6,79,8888,0
2022-06-07,25.4,32,28.1,78,0.5,0
2022-06-08,25.6,30.8,27.3,87,13.6,0
2022-06-09,25.8,31.8,26.7,86,0.5,0
2022-06-10,0,34,28.1,77,5,1
2022-06-11,25,32.4,28.2,84,2.5,1
2022-06-12,25.2,31.4,27.8,81,8888,1
2022-06-13,25.8,31.2,27.8,76,0,1
2022-06-14,25.8,31.6,28.7,74,0,1
2022-06-15,25,30.6,27.5,82,0,0
2022-06-16,24.6,29.8,26.7,86,4,0
2022-06-17,24.8,29,27.1,86,0,0
2022-06-18,24.6,30.6,27.3,82,8888,1
2022-06-19,24.8,32.4,28,82,0,1
2022-06-20,25,32.4,28.9,76,0,1
2022-06-21,26.4,32.8,28.9,72,0,1
2022-06-22,25.2,32.4,28,83,15.4,0
2022-06-23,25,33,29.1,74,8888,1
2022-06-24,26.4,31.4,28,80,0,1
2022-06-25,26.6,32.4,28.8,76,0,1
2022-06-26,26.4,30.6,28,80,0,1
2022-06-27,24.8,33,28.8,77,0,0
2022-06-28,25.2,31.8,28,78,21.7,1
2022-06-29,25.4,32.6,28.4,70,0,1
2022-06-30,25.2,31.6,27.7,74,0,2
2022-07-01,25.4,33.2,28.7,74,0,0
2022-07-02,25.6,32.4,29.1,76,0,1
2022-07-03,27.2,32.2,29.1,82,3,1
2022-07-04,0,33.6,29.5,74,13.6,1
2022-07-05,25,33.2,29.4,78,0,1
2022-07-06,25,28.6,26.4,89,11.6,0
2022-07-07,25.4,32.4,28.6,80,16.8,1
2022-07-08,26,32.6,28.8,74,0,2
2022-07-09,25,32,28.2,74,0,2
2022-07-10,25.2,32.4,28.2,70,0,1
2022-07-11,25.4,32.4,28.7,69,0,1
2022-07-12,26.4,33.4,29.6,74,0,1
2022-07-13,25,32,28.6,78,0,2
2022-07-14,26,32.8,29,76,8888,2
2022-07-15,26.4,32.8,29.3,76,0,1
2022-07-16,23.6,30,25.7,84,36,1
2022-07-17,23,31.4,27.9,79,11.8,1
2022-07-18,25.4,32.6,28.2,78,0,1
2022-07-19,25.6,33.4,28.9,76,0,1
2022-07-20,26.8,33.6,29.6,75,0,1
2022-07-21,0,32.4,28.7,76,0,1
2022-07-22,27,32.2,29.1,71,0,1
2022-07-23,26,32.8,28.9,75,0,1
2022-07-24,26.4,32.6,28.8,77,0,2
2022-07-25,25,32.4,28.8,74,0,1
2022-07-26,26.4,32.4,29,67,0,1
2022-07-27,26.2,33.6,28.9,69,0,1
2022-07-28,26.4,33,29.2,70,0,1
2022-07-29,25,33.6,29.2,73,0,0
2022-07-30,26.8,32.2,28.8,77,0,2
2022-07-31,26.4,32.2,28.7,77,0,1
2022-08-01,26,33.8,29,72,0,0
2022-08-02,25,33,29.3,73,0,1
2022-08-03,27.4,33.4,29.7,72,0,1
2022-08-04,25.6,32,28.1,82,7.1,1
2022-08-05,25.8,30.8,28,82,15.4,2
2022-08-06,25,32,28.1,76,0,2
2022-08-07,25.6,32,28.1,78,2.6,1
2022-08-08,25.8,33.2,28.7,70,0,1
2022-08-09,26.4,33.2,29.1,67,0,1
2022-08-10,25,34,29.6,69,0,1
2022-08-11,26.8,34.2,29.7,71,0,2
2022-08-12,27.2,33.4,29.6,76,0,1
2022-08-13,26,32.6,29.3,72,0,1
2022-08-14,25,33.8,29.2,76,0,2
2022-08-15,26.8,32.2,29,76,0,1
2022-08-16,27,32.4,28.9,74,8888,1
2022-08-17,25.4,32.6,28.6,79,6.4,1
2022-08-18,25,33.6,29.4,70,0,1
2022-08-19,26.6,35,30,62,0,2
2022-08-20,27.2,33.6,29.7,68,0,1
2022-08-21,27.4,32.8,29.3,0,0,1
2022-08-22,25,30.8,27.5,80,0,1
2022-08-23,26.2,34.8,29.6,73,0,1
2022-08-24,27,32.4,29.1,74,0,1
2022-08-25,26.6,33.2,29.4,65,0,1
2022-08-26,25,32.4,28.9,72,0,0
2022-08-27,26.4,32.4,28.6,76,0,1
2022-08-28,26.4,30.6,28.4,78,0,1
2022-08-29,25.8,32.6,28.4,77,0,2
2022-08-30,25,32.8,28.5,72,0,1
2022-08-31,26.4,33,29.3,70,0,1
2022-09-01,27.2,32.4,29.1,73,0,1
2022-09-02,26.6,33.6,29.3,76,0.5,1
2022-09-03,25,33,28.3,76,0,4
2022-09-04,26.2,32.2,28.8,70,0,1
2022-09-05,26.6,32.4,29.4,74,0,1
2022-09-06,27.4,34.6,30,70,0.2,1
2022-09-07,25,31,27.4,85,0.2,0
2022-09-08,25.6,28.6,26.8,86,5.8,1
2022-09-09,25.2,31.2,26.4,86,1.5,1
2022-09-10,24.2,30.4,26.7,84,55.8,2
2022-09-11,25,31.6,27.7,81,0,2
2022-09-12,25,31.6,28.1,80,23.4,2
2022-09-13,25.8,31.6,28.5,78,0,1
2022-09-14,25.4,32.6,28.9,69,0,1
2022-09-15,25,33.2,28.6,72,0,1
2022-09-16,26.4,33.2,29.4,66,0,1
2022-09-17,26.2,32.4,29.2,73,0,1
2022-09-18,26.8,31.8,28.9,77,0,1
2022-09-19,26,34.4,29.8,69,1.2,0
2022-09-20,26,32,28.7,68,0,2
2022-09-21,26.4,32.2,28.5,75,0,1
2022-09-22,26.6,31.6,27.7,81,0,1
2022-09-23,0,31.8,27.8,81,21.4,1
2022-09-24,25.8,33.6,29.3,72,0,1
2022-09-25,26.4,32.6,29.3,72,0,1
2022-09-26,26.6,34.4,30,67,0,2
2022-09-27,24.6,32.4,28.7,73,10.5,1
2022-09-28,26.4,32.4,29.6,67,0,2
2022-09-29,27.2,32.2,29.6,70,0,1
2022-09-30,26.6,32.6,29,72,0,0
2022-10-01,26,33.8,29.9,74,0,1
2022-10-02,26.8,30.4,28.2,78,0,1
2022-10-03,24.8,32.4,28.7,77,15.8,1
2022-10-04,25.8,32.8,28.1,78,1.6,2
2022-10-05,25,30.6,27.4,87,26,0
2022-10-06,26,33.6,27.9,78,0,1
2022-10-07,25,32.2,27.2,85,48.6,1
2022-10-08,24.5,33.4,28.1,74,1.2,1
2022-10-09,25,31.4,27.8,77,0,1
2022-10-10,25.6,31.2,28,76,0,1
2022-10-11,26,31.8,27.8,80,0,1
2022-10-12,24.6,32.8,28.3,73,17,1
2022-10-13,25,31.6,27.4,80,0,1
2022-10-14,24.6,32.4,28.9,70,21,2
2022-10-15,26.6,31.8,27.8,82,0,0
2022-10-16,25.8,31.6,27.8,82,12.2,1
2022-10-17,25.8,32.4,28.6,80,0,0
2022-10-18,26.6,30.6,28,81,3.8,0
2022-10-19,26.6,31.6,27.5,81,0,0
2022-10-20,25.2,32,28.2,80,20.2,1
2022-10-21,25,30.8,28.4,76,0,0
2022-10-22,26.4,31.4,28.7,78,0,1
2022-10-23,25.6,32.8,28.7,76,34.8,2
2022-10-24,25.6,34,29.1,69,0,3
2022-10-25,25,31,27.4,80,0,4
2022-10-26,23.8,31.6,27,81,17.3,2
2022-10-27,24,32.4,28.5,74,8888,2
2022-10-28,24.8,35.4,29.8,60,0,1
2022-10-29,24.6,32.4,29.2,70,0,1
2022-10-30,26.6,33,29.1,68,0,1
2022-10-31,27,32,29.4,71,0,0
2022-11-01,26.6,32,29.3,72,0,2
2022-11-02,25.4,32.4,29.2,76,0,1
2022-11-03,26.8,32.2,29.1,75,0,1
2022-11-04,26.2,33.2,28.9,75,0,1
2022-11-05,25.4,32.6,28,78,27.6,1
2022-11-06,24.2,30.8,27.9,79,0,1
2022-11-07,25.6,30.4,27.5,83,2.2,0
2022-11-08,25.6,30.2,27.5,80,0.4,1
2022-11-09,24.8,31.6,28,78,7.7,1
2022-11-10,25,31.2,27.6,82,8888,1
2022-11-11,26,31,28,76,13.5,2
2022-11-12,25.6,32.4,27.6,81,0.6,1
2022-11-13,25,30.6,27.2,83,8888,1
2022-11-14,24.2,32.8,28.3,78,0,1
2022-11-15,24.8,32.4,29,73,0.5,1
2022-11-16,27,32.4,28.7,76,0,2
2022-11-17,24.8,28,26.1,89,42.4,1
2022-11-18,25,32.4,28.3,76,10.5,2
2022-11-19,25.8,33.2,28.9,74,8888,2
2022-11-20,26.6,33.6,29.5,70,0,2
2022-11-21,26.2,34.6,29.7,66,0,2
2022-11-22,24,34.2,29.4,70,0,2
2022-11-23,25,33.4,28.8,71,0,2
2022-11-24,26.2,31,28.6,76,2.7,1
2022-11-25,25.4,31.4,27.8,76,0,0
2022-11-26,25,31.4,27.2,82,0,1
2022-11-27,24.4,31.2,27.7,80,17.2,1
2022-11-28,25.4,31.4,28.6,79,2,1
2022-11-29,24.6,33,28.6,78,16.8,2
2022-11-30,25,33,28.2,78,0,0
2022-12-01,26,32.4,28.4,76,0,2
2022-12-02,26.4,31.4,28.1,78,8888,1
2022-12-03,25,32,28.3,76,4,1
2022-12-04,25,31.2,28.4,77,0,2
2022-12-05,26,32.2,28.6,76,0,1
2022-12-06,26.6,30.4,27.9,80,0,1
2022-12-07,25.4,31.2,28.2,80,8888,0
2022-12-08,25,33,27.8,80,0,1
2022-12-09,25.6,31.8,27.2,82,2.6,1
2022-12-10,24.2,33.2,27.9,77,14.1,1
2022-12-11,25.4,33.4,28.9,70,0.2,1
2022-12-12,25,33.2,28,77,0,2
2022-12-13,25.6,32.4,28.5,69,2,2
2022-12-14,26.8,32,28.1,77,0,1
2022-12-15,26.6,34.8,30.3,65,0,1
2022-12-16,25,32,28.4,73,0,1
2022-12-17,25.4,32.2,28.3,80,1.5,1
2022-12-18,26,32.8,28.3,82,1.7,1
2022-12-19,25.2,32,28.6,75,4.8,2
2022-12-20,25.2,31,28.3,76,0,2
2022-12-21,25.8,31.8,28.5,80,0,2
2022-12-22,26.2,31.8,28.4,79,1,1
2022-12-23,24.6,30,27.2,82,38.5,2
2022-12-24,24.8,30,27.4,85,2.8,2
2022-12-25,24.8,28.2,26.4,86,1.5,1
2022-12-26,24.8,29,26.6,87,14.9,0
2022-12-27,23.6,29.2,26.3,81,6.3,1
2022-12-28,24.2,29.8,25.9,84,0.9,2
2022-12-29,23.4,29.2,26.2,84,34,1
2022-12-30,24,30.6,26.3,87,1.2,0
2022-12-31,24.6,29.6,26.2,86,4.6,1
2023-01-01,23.6,29.8,26.3,87,14.5,1
2023-01-02,24.2,29.4,27.5,81,31.5,2
2023-01-03,25,29.6,26.6,82,0.5,1
2023-01-04,24.4,30,26.4,86,2.4,1
2023-01-05,24,32.6,27.4,83,35.3,2
2023-01-06,24.4,33.4,29.6,68,2.3,1
2023-01-07,27,33.8,29.6,70,0,2
2023-01-08,26.6,32,28.1,76,8888,2
2023-01-09,0,32.6,29,73,8888,3
2023-01-10,27.2,34.4,30.1,65,8888,1
2023-01-11,26.2,32,28.8,73,0,1
2023-01-12,0,32.4,29.1,71,0,0
2023-01-13,25,32.6,29.2,74,0,1
2023-01-14,26.8,32,29.2,72,8888,1
2023-01-15,26.4,34.8,29.8,69,0,2
2023-01-16,26.4,32.4,28.9,70,0,1
2023-01-17,26,29.4,27.6,77,0,1
2023-01-18,26.2,31.6,27.7,78,0,1
2023-01-19,25.8,30.8,27.5,81,3,2
2023-01-20,26,32.4,28.6,72,8888,1
2023-01-21,25,31.8,28.6,74,8888,2
2023-01-22,26.4,33.4,29.2,71,0,2
2023-01-23,26,32.2,28.6,70,0,2
2023-01-24,26,34,29.1,71,0,2
2023-01-25,25,30.2,27.2,78,8888,1
2023-01-26,26.2,30.4,27.8,79,8888,1
2023-01-27,26,29.6,27.6,80,27.5,1
2023-01-28,24.5,28.8,25.6,94,26.9,0
2023-01-29,24,29.2,26.7,86,27,1
2023-01-30,25,30.2,28,76,8888,1
2023-01-31,0,29.2,27.8,80,0,1
2023-02-01,25.4,30.2,27,85,0.5,1
2023-02-02,24.6,29.5,27.2,88,31.8,2
2023-02-03,23.2,31.2,26.7,80,25.2,1
2023-02-04,24,30.2,27.7,83,8888,2
2023-02-05,26.2,33.6,28.4,77,0,2
2023-02-06,25,33.4,29.2,67,1.2,2
2023-02-07,26.4,30.2,27.8,78,0,1
2023-02-08,0,32.2,27.1,87,62.8,1
2023-02-09,25.2,31.8,27.4,73,1,1
2023-02-10,25,31.8,27.9,77,9.6,2
2023-02-11,25.2,29.4,27.5,85,25.8,1
2023-02-12,23.8,28.6,25,92,40.8,2
2023-02-13,24.2,30.8,27.6,78,1.8,1
2023-02-14,24,30.8,27.3,79,5.4,2
2023-02-15,25.8,31,28.1,74,8888,1
2023-02-16,26.2,31.2,27.1,82,9.5,1
2023-02-17,25,29.8,27,81,31,1
2023-02-18,25.4,30.4,27.6,83,2.5,2
2023-02-19,25.8,30.2,27.5,82,3.8,1
2023-02-20,26,32.6,27.5,83,0.5,1
2023-02-21,26.4,31.6,28,77,10,1
2023-02-22,24.4,30.8,27.3,84,29.7,1
2023-02-23,24.6,30.4,26.9,87,21.5,1
2023-02-24,24.4,29.8,25.8,94,76.9,1
2023-02-25,24.6,29.4,27,86,74.1,2
2023-02-26,24.6,29.6,26.7,88,36.7,1
2023-02-27,24.8,30,27.1,84,38.9,1
2023-02-28,24.8,31.6,27,84,20.3,1
2023-03-01,24.6,29.8,26.7,88,12.7,1
2023-03-02,23.4,27,25.1,92,79.5,0
2023-03-03,23.8,31.8,27,84,3.8,1
2023-03-04,24.2,29.6,26.8,81,42.5,1
2023-03-05,25,29.6,26.6,87,2.2,0
2023-03-06,24,33,28.3,71,2.3,2
2023-03-07,25.2,31.2,27.7,76,8888,1
2023-03-08,25.6,29.2,26.5,88,4,1
2023-03-09,24.8,31.6,27.1,83,9.5,1
2023-03-10,24,32.4,27.8,81,10,1
2023-03-11,25.8,33.6,28.5,77,8888,1
2023-03-12,26.6,30.8,28.4,80,0,1
2023-03-13,25.6,32.2,28.4,72,0,2
2023-03-14,24.2,31.8,27.2,82,0,1
2023-03-15,24.4,28.4,25.5,90,11,1
2023-03-16,24.4,31.2,27.4,82,2.4,1
2023-03-17,25.2,32.4,28.6,75,0,2
2023-03-18,23.8,32.6,28.3,78,0,1
2023-03-19,26.4,32,28.7,81,0,2
2023-03-20,26,32.4,28.7,75,0,1
2023-03-21,25.6,33.6,29.2,69,8888,0
2023-03-22,25,32.6,29.1,76,8888,0
2023-03-23,27.2,33.8,29.3,76,8888,1
2023-03-24,27.2,32,29.3,78,0,1
2023-03-25,27,33.8,27.9,83,0,1
2023-03-26,24,30.6,26.8,88,48.7,1
2023-03-27,0,32.4,27.4,84,8888,1
2023-03-28,26,29.6,27.3,86,4.2,0
2023-03-29,25.6,32.6,27.5,79,0,1
2023-03-30,0,31.8,26.3,92,0,0
2023-03-31,25,33.2,28.8,70,3.2,2
2023-04-01,26.2,31,28.1,74,0,2
2023-04-02,26,33,28.8,76,1.2,1
2023-04-03,24.6,32.6,28.1,74,0,1
2023-04-04,25,32.6,28.7,72,18.4,1
2023-04-05,25.8,33.2,29,69,0,1
2023-04-06,26.6,34.8,30.3,56,0,1
2023-04-07,26,32.4,28.7,69,0,1
2023-04-08,26.6,33.2,28.9,74,0,1
2023-04-10,26.8,33,29.1,70,0,2
2023-04-11,24.8,33.8,28.9,75,3,3
2023-04-12,27,34.8,29.6,66,8888,2
2023-04-13,26.6,33.6,29.4,73,0,1
2023-04-14,26.5,33.4,28.3,79,0,2
2023-04-15,25,32,28.3,81,66.6,1
2023-04-16,25.8,33.4,28.9,80,2,1
2023-04-17,26.8,33.4,29.3,76,12,1
2023-04-18,26,33.4,29.1,81,13.2,1
2023-04-19,25,34.4,29.7,79,1.2,1
2023-04-20,25.6,34.2,28.9,80,29.5,0
2023-04-21,26.6,33.6,29.2,81,5.8,1
2023-04-22,25,33.8,29.6,76,0,1
2023-04-23,26.6,34,29.8,76,0,1
2023-04-24,27,34.2,29.5,79,3.6,1
2023-04-25,25.8,32.2,28.5,81,9.7,0
2023-04-26,26.4,33.2,28.7,80,0,1
2023-04-27,27,33,29.6,79,1.3,1
2023-04-28,27.4,32.8,29.4,79,0,1
2023-04-29,26,32.6,28.6,83,0,1
2023-04-30,25,33,29.6,76,0,1
2023-05-01,27.2,31,28.8,80,0,0
2023-05-02,27.4,34.4,29,84,0,1
2023-05-03,27.4,33.4,29.8,79,0.5,1
2023-05-04,26.4,34.2,29.4,79,2.5,1
2023-05-05,26,33.4,29.2,80,0,1
2023-05-06,26,33.2,28.8,82,18.1,0
2023-05-07,26.6,33.2,28.5,83,0,1
2023-05-08,26.4,32.8,28.7,78,45.5,1
2023-05-09,26.4,34.2,30.4,75,0,1
2023-05-10,27.2,34,30.3,76,0,1
2023-05-11,28.1,32.8,29.2,80,0,1
2023-05-12,28,34.6,30.8,72,0,1
2023-05-13,27,33.8,29,82,0,1
2023-05-14,26.2,33.2,29.1,75,20,1
2023-05-15,26.2,32.4,28.7,72,0,1
2023-05-16,26.8,33.6,29.7,70,0,0
2023-05-17,27,33.6,29.6,71,0,1
2023-05-18,27.6,32,29.2,73,0,0
2023-05-19,27.2,33.2,29.6,74,0,1
2023-05-20,27.4,33,29.4,76,0,1
2023-05-21,27.4,33.8,29.6,79,0,1
2023-05-22,26.6,33.2,29.1,78,1.8,1
